complaint,priority
Please report: major water pipe burst in the hostel bathroom,High
Water is flooding the room due to a broken pipe.,High
Main water supply pipe is leaking heavily,High
Sewage water is overflowing into the hostel corridor,High
Bathroom drainage is completely blocked and overflowing.,High
No water supply in the entire hostel block,High
Bathroom tap is leaking continuously in my room.,Medium
Please report: wash basin drain is blocked,Medium
Shower is not working properly.,Medium
Please report: toilet flush is not working,Medium
Please report: water pressure in the bathroom is very low,Medium
Tap handle is broken in my room.,Medium
Please report: need a new bathroom tap,Low
Bathroom mirror has water stains,Low
Need a replacement bucket,Low
Please report: water bottle filling tap is slightly loose,Low
Need an extra mug for the bathroom.,Low
Electrical sparks are coming from the room switchboard.,High
Burning smell is coming from the electrical socket.,High
Please report: power is completely out in the hostel block,High
Please report: exposed electrical wire is hanging near the room,High
Please report: main electrical panel is making unusual sounds,High
Please report: ceiling fan is not working,Medium
Tube light is not working in the room.,Medium
One electrical socket is not working.,Medium
Room switch is damaged in my room.,Medium
Study lamp socket has stopped working.,Medium
Fan regulator is not working properly,Medium
Please report: need an additional charging socket,Low
Light is slightly dim in the room,Low
Please report: need a replacement led bulb,Low
Want an extra extension board in my room.,Low
Switch cover is loose in my room.,Low
Ceiling is leaking heavily during rain.,High
Please report: hostel room door cannot be locked,High
Broken window glass is creating a safety risk in my room.,High
Ceiling plaster has fallen inside the room.,High
Staircase railing is broken and unsafe,High
Door lock is damaged.,Medium
Window latch is broken in my room.,Medium
Room door is difficult to close in my room.,Medium
Ceiling fan mounting is loose in my room.,Medium
Wall has a large crack,Medium
Please report: wardrobe door is damaged,Medium
Please report: need a new curtain rod,Low
Room paint needs minor touch-up in my room.,Low
Please report: wardrobe handle is loose,Low
Need a replacement door stopper.,Low
Please report: window curtain is damaged,Low
Sewage smell is spreading through the hostel floor.,High
Wastewater is accumulated in the corridor.,High
Large amount of garbage is blocking the hostel entrance,High
Toilet is extremely unhygienic and unusable in my room.,High
Please report: bathroom has not been cleaned for several days,Medium
Dustbin is overflowing on the hostel floor,Medium
Room cleaning has not been done,Medium
Corridor needs immediate cleaning in my room.,Medium
Washroom floor is very dirty.,Medium
Need regular room cleaning in my room.,Low
Please report: dust is accumulating under the bed,Low
Please clean the hostel window in my room.,Low
Need a new waste bin.,Low
Please report: room floor needs sweeping,Low
Bed frame is broken and unsafe to sleep on in my room.,High
Wardrobe has collapsed and is blocking the room.,High
Broken furniture is creating a safety hazard,High
Study table is damaged.,Medium
Bed is making a loud noise,Medium
Chair leg is broken,Medium
Wardrobe door is not closing,Medium
Mattress is badly damaged.,Medium
Need a new chair in my room.,Low
Need an extra study table.,Low
Chair cushion is damaged in my room.,Low
Need a replacement shelf in my room.,Low
Need an extra clothes hanger,Low
Internet is completely unavailable across the hostel in my room.,High
Network equipment is down and students cannot access the internet,High
Hostel Wi-Fi has been unavailable for the entire day in my room.,High
Wi-Fi is very slow in the room.,Medium
Internet connection keeps disconnecting in my room.,Medium
Hostel Wi-Fi signal is weak.,Medium
Cannot connect to the hostel network.,Medium
Internet speed drops frequently,Medium
Wi-Fi signal is weak near my study table,Low
Need the Wi-Fi password reset.,Low
Internet is slightly slower than usual in my room.,Low
Please add better Wi-Fi coverage to this room in my room.,Low
Gas leakage smell is coming from the hostel kitchen in my room.,High
Please report: fire alarm is not working during an emergency test,High
Emergency exit is blocked in my room.,High
Smoke is coming from an electrical appliance in my room.,High
Please report: hostel entrance security door is not functioning,High
CCTV camera is not working,Medium
Emergency light is not working,Medium
Staircase light is not working.,Medium
Security gate lock is damaged,Medium
First aid box needs inspection,Medium
Need a safety notice near the staircase,Low
Please replace a faded emergency sign,Low
Need an additional fire safety instruction board in my room.,Low
Please report: safety instructions are not visible in the corridor,Low
Please report: lost student is unable to access the hostel room,High
Hostel entrance is locked and students cannot enter in my room.,High
Please report: urgent assistance is needed in the hostel block,High
Need assistance with hostel room allocation,Medium
Room key is missing,Medium
Hostel gate timing information is unclear.,Medium
Need help moving to another room.,Medium
Complaint about repeated disturbance in the corridor.,Medium
Need an extra room key.,Low
Please report: please provide hostel rule information,Low
Need a new notice board,Low
Request for an additional room hanger,Low
Need information about hostel facilities,Low
Major water pipe burst in the hostel bathroom.,High
Water is flooding the room due to a broken pipe.,High
Please report: main water supply pipe is leaking heavily,High
Please report: sewage water is overflowing into the hostel corridor,High
Bathroom drainage is completely blocked and overflowing in my room.,High
No water supply in the entire hostel block,High
Bathroom tap is leaking continuously.,Medium
Wash basin drain is blocked in my room.,Medium
Shower is not working properly in my room.,Medium
Toilet flush is not working,Medium
Water pressure in the bathroom is very low.,Medium
Please report: tap handle is broken,Medium
Need a new bathroom tap.,Low
Bathroom mirror has water stains,Low
Need a replacement bucket,Low
Water bottle filling tap is slightly loose.,Low
Need an extra mug for the bathroom in my room.,Low
Electrical sparks are coming from the room switchboard.,High
Burning smell is coming from the electrical socket.,High
Power is completely out in the hostel block.,High
Exposed electrical wire is hanging near the room.,High
Main electrical panel is making unusual sounds,High
Ceiling fan is not working in my room.,Medium
Tube light is not working in the room in my room.,Medium
One electrical socket is not working.,Medium
Room switch is damaged.,Medium
Please report: study lamp socket has stopped working,Medium
Please report: fan regulator is not working properly,Medium
Need an additional charging socket in my room.,Low
Light is slightly dim in the room,Low
Need a replacement LED bulb.,Low
Want an extra extension board,Low
Switch cover is loose in my room.,Low
Please report: ceiling is leaking heavily during rain,High
Hostel room door cannot be locked,High
Broken window glass is creating a safety risk.,High
Ceiling plaster has fallen inside the room in my room.,High
Staircase railing is broken and unsafe.,High
Door lock is damaged,Medium
Please report: window latch is broken,Medium
Please report: room door is difficult to close,Medium
Ceiling fan mounting is loose in my room.,Medium
Please report: wall has a large crack,Medium
Wardrobe door is damaged.,Medium
Need a new curtain rod in my room.,Low
Please report: room paint needs minor touch-up,Low
Wardrobe handle is loose,Low
Need a replacement door stopper.,Low
Please report: window curtain is damaged,Low
Sewage smell is spreading through the hostel floor in my room.,High
Wastewater is accumulated in the corridor in my room.,High
Large amount of garbage is blocking the hostel entrance,High
Please report: toilet is extremely unhygienic and unusable,High
Bathroom has not been cleaned for several days.,Medium
Dustbin is overflowing on the hostel floor.,Medium
Room cleaning has not been done,Medium
Corridor needs immediate cleaning,Medium
Washroom floor is very dirty.,Medium
Need regular room cleaning in my room.,Low
Dust is accumulating under the bed,Low
Please clean the hostel window.,Low
Need a new waste bin in my room.,Low
Room floor needs sweeping.,Low
Bed frame is broken and unsafe to sleep on.,High
Please report: wardrobe has collapsed and is blocking the room,High
Broken furniture is creating a safety hazard in my room.,High
Study table is damaged.,Medium
Please report: bed is making a loud noise,Medium
Please report: chair leg is broken,Medium
Wardrobe door is not closing.,Medium
Mattress is badly damaged,Medium
Please report: need a new chair,Low
Need an extra study table,Low
Chair cushion is damaged.,Low
Need a replacement shelf.,Low
Need an extra clothes hanger in my room.,Low
Internet is completely unavailable across the hostel in my room.,High
Network equipment is down and students cannot access the internet.,High
Hostel Wi-Fi has been unavailable for the entire day,High
Wi-Fi is very slow in the room in my room.,Medium
Please report: internet connection keeps disconnecting,Medium
Hostel Wi-Fi signal is weak.,Medium
Please report: cannot connect to the hostel network,Medium
Internet speed drops frequently,Medium
Wi-Fi signal is weak near my study table in my room.,Low
Need the Wi-Fi password reset.,Low
Internet is slightly slower than usual,Low
Please add better Wi-Fi coverage to this room,Low
Gas leakage smell is coming from the hostel kitchen in my room.,High
Fire alarm is not working during an emergency test.,High
Emergency exit is blocked in my room.,High
Smoke is coming from an electrical appliance in my room.,High
Hostel entrance security door is not functioning in my room.,High
CCTV camera is not working in my room.,Medium
Emergency light is not working in my room.,Medium
Staircase light is not working,Medium
Security gate lock is damaged,Medium
First aid box needs inspection,Medium
Need a safety notice near the staircase,Low
Please replace a faded emergency sign.,Low
Need an additional fire safety instruction board,Low
Safety instructions are not visible in the corridor in my room.,Low
Please report: lost student is unable to access the hostel room,High
Hostel entrance is locked and students cannot enter,High
Urgent assistance is needed in the hostel block,High
Please report: need assistance with hostel room allocation,Medium
Room key is missing in my room.,Medium
Hostel gate timing information is unclear.,Medium
Need help moving to another room.,Medium
Please report: complaint about repeated disturbance in the corridor,Medium
Need an extra room key,Low
Please provide hostel rule information in my room.,Low
Please report: need a new notice board,Low
Request for an additional room hanger in my room.,Low
Please report: need information about hostel facilities,Low
Major water pipe burst in the hostel bathroom.,High
Please report: water is flooding the room due to a broken pipe,High
Main water supply pipe is leaking heavily in my room.,High
Please report: sewage water is overflowing into the hostel corridor,High
Bathroom drainage is completely blocked and overflowing,High
No water supply in the entire hostel block.,High
Bathroom tap is leaking continuously in my room.,Medium
Wash basin drain is blocked in my room.,Medium
Shower is not working properly in my room.,Medium
Please report: toilet flush is not working,Medium
Please report: water pressure in the bathroom is very low,Medium
Tap handle is broken.,Medium
Need a new bathroom tap in my room.,Low
Bathroom mirror has water stains.,Low
Need a replacement bucket in my room.,Low
Water bottle filling tap is slightly loose,Low
Need an extra mug for the bathroom in my room.,Low
Please report: electrical sparks are coming from the room switchboard,High
Please report: burning smell is coming from the electrical socket,High
Please report: power is completely out in the hostel block,High
Exposed electrical wire is hanging near the room in my room.,High
Please report: main electrical panel is making unusual sounds,High
Ceiling fan is not working.,Medium
Tube light is not working in the room.,Medium
One electrical socket is not working in my room.,Medium
Please report: room switch is damaged,Medium
Please report: study lamp socket has stopped working,Medium
Fan regulator is not working properly.,Medium
Need an additional charging socket.,Low
Light is slightly dim in the room,Low
Need a replacement LED bulb.,Low
Want an extra extension board,Low
Switch cover is loose in my room.,Low
Please report: ceiling is leaking heavily during rain,High
Please report: hostel room door cannot be locked,High
Broken window glass is creating a safety risk,High
Ceiling plaster has fallen inside the room,High
Staircase railing is broken and unsafe,High
Please report: door lock is damaged,Medium
Window latch is broken,Medium
Room door is difficult to close in my room.,Medium
Ceiling fan mounting is loose.,Medium
Wall has a large crack in my room.,Medium
Wardrobe door is damaged in my room.,Medium
Need a new curtain rod,Low
Room paint needs minor touch-up,Low
Wardrobe handle is loose.,Low
Need a replacement door stopper,Low
Window curtain is damaged.,Low
Sewage smell is spreading through the hostel floor.,High
Wastewater is accumulated in the corridor in my room.,High
Please report: large amount of garbage is blocking the hostel entrance,High
Please report: toilet is extremely unhygienic and unusable,High
Bathroom has not been cleaned for several days in my room.,Medium
Dustbin is overflowing on the hostel floor.,Medium
Room cleaning has not been done.,Medium
Corridor needs immediate cleaning.,Medium
Washroom floor is very dirty.,Medium
Need regular room cleaning.,Low
Please report: dust is accumulating under the bed,Low
Please clean the hostel window in my room.,Low
Need a new waste bin in my room.,Low
Room floor needs sweeping in my room.,Low
Bed frame is broken and unsafe to sleep on,High
Please report: wardrobe has collapsed and is blocking the room,High
Broken furniture is creating a safety hazard,High
Study table is damaged,Medium
Bed is making a loud noise,Medium
Chair leg is broken in my room.,Medium
Wardrobe door is not closing in my room.,Medium
Mattress is badly damaged in my room.,Medium
Please report: need a new chair,Low
Need an extra study table,Low
Chair cushion is damaged in my room.,Low
Need a replacement shelf in my room.,Low
Need an extra clothes hanger in my room.,Low
Please report: internet is completely unavailable across the hostel,High
Network equipment is down and students cannot access the internet in my room.,High
Hostel Wi-Fi has been unavailable for the entire day in my room.,High
Wi-Fi is very slow in the room.,Medium
Internet connection keeps disconnecting in my room.,Medium
Hostel Wi-Fi signal is weak,Medium
Cannot connect to the hostel network.,Medium
Internet speed drops frequently in my room.,Medium
Wi-Fi signal is weak near my study table.,Low
Need the Wi-Fi password reset,Low
Internet is slightly slower than usual,Low
Please add better Wi-Fi coverage to this room in my room.,Low
Gas leakage smell is coming from the hostel kitchen.,High
Please report: fire alarm is not working during an emergency test,High
Please report: emergency exit is blocked,High
Smoke is coming from an electrical appliance in my room.,High
Hostel entrance security door is not functioning.,High
CCTV camera is not working.,Medium
Emergency light is not working in my room.,Medium
Please report: staircase light is not working,Medium
Please report: security gate lock is damaged,Medium
First aid box needs inspection in my room.,Medium
Need a safety notice near the staircase in my room.,Low
Please replace a faded emergency sign in my room.,Low
Need an additional fire safety instruction board.,Low
Safety instructions are not visible in the corridor in my room.,Low
Lost student is unable to access the hostel room in my room.,High
Hostel entrance is locked and students cannot enter in my room.,High
Urgent assistance is needed in the hostel block.,High
Need assistance with hostel room allocation.,Medium
Please report: room key is missing,Medium
Hostel gate timing information is unclear,Medium
Need help moving to another room,Medium
Complaint about repeated disturbance in the corridor.,Medium
Please report: need an extra room key,Low
Please provide hostel rule information in my room.,Low
Need a new notice board in my room.,Low
Request for an additional room hanger in my room.,Low
Need information about hostel facilities,Low
Please report: major water pipe burst in the hostel bathroom,High
Water is flooding the room due to a broken pipe,High
Main water supply pipe is leaking heavily,High
Please report: sewage water is overflowing into the hostel corridor,High
Please report: bathroom drainage is completely blocked and overflowing,High
Please report: no water supply in the entire hostel block,High
Bathroom tap is leaking continuously.,Medium
Wash basin drain is blocked in my room.,Medium
Shower is not working properly.,Medium
Toilet flush is not working,Medium
Water pressure in the bathroom is very low.,Medium
Tap handle is broken.,Medium
Please report: need a new bathroom tap,Low
Bathroom mirror has water stains,Low
Need a replacement bucket.,Low
Please report: water bottle filling tap is slightly loose,Low
Need an extra mug for the bathroom in my room.,Low
Please report: electrical sparks are coming from the room switchboard,High
Burning smell is coming from the electrical socket in my room.,High
Power is completely out in the hostel block in my room.,High
Please report: exposed electrical wire is hanging near the room,High
Main electrical panel is making unusual sounds in my room.,High
Ceiling fan is not working,Medium
Tube light is not working in the room in my room.,Medium
One electrical socket is not working.,Medium
Room switch is damaged.,Medium
Please report: study lamp socket has stopped working,Medium
Fan regulator is not working properly,Medium
Need an additional charging socket in my room.,Low
Please report: light is slightly dim in the room,Low
Please report: need a replacement led bulb,Low
Want an extra extension board in my room.,Low
Switch cover is loose.,Low
Please report: ceiling is leaking heavily during rain,High
Hostel room door cannot be locked in my room.,High
Please report: broken window glass is creating a safety risk,High
Ceiling plaster has fallen inside the room,High
Staircase railing is broken and unsafe.,High
Please report: door lock is damaged,Medium
Window latch is broken,Medium
Room door is difficult to close,Medium
Please report: ceiling fan mounting is loose,Medium
Please report: wall has a large crack,Medium
Wardrobe door is damaged.,Medium
Please report: need a new curtain rod,Low
Room paint needs minor touch-up,Low
Please report: wardrobe handle is loose,Low
Need a replacement door stopper.,Low
Please report: window curtain is damaged,Low
Sewage smell is spreading through the hostel floor,High
Wastewater is accumulated in the corridor.,High
Please report: large amount of garbage is blocking the hostel entrance,High
Toilet is extremely unhygienic and unusable.,High
Bathroom has not been cleaned for several days,Medium
Dustbin is overflowing on the hostel floor in my room.,Medium
Please report: room cleaning has not been done,Medium
Corridor needs immediate cleaning in my room.,Medium
Washroom floor is very dirty,Medium
Please report: need regular room cleaning,Low
Please report: dust is accumulating under the bed,Low
Please clean the hostel window in my room.,Low
Need a new waste bin.,Low
Room floor needs sweeping,Low
Bed frame is broken and unsafe to sleep on.,High
Wardrobe has collapsed and is blocking the room,High
Broken furniture is creating a safety hazard.,High
Study table is damaged.,Medium
Please report: bed is making a loud noise,Medium
Please report: chair leg is broken,Medium
Wardrobe door is not closing,Medium
Please report: mattress is badly damaged,Medium
Please report: need a new chair,Low
Please report: need an extra study table,Low
Chair cushion is damaged in my room.,Low
Need a replacement shelf,Low
Please report: need an extra clothes hanger,Low
Internet is completely unavailable across the hostel,High
Network equipment is down and students cannot access the internet.,High
Please report: hostel wi-fi has been unavailable for the entire day,High
Wi-Fi is very slow in the room,Medium
Internet connection keeps disconnecting in my room.,Medium
Hostel Wi-Fi signal is weak,Medium
Cannot connect to the hostel network in my room.,Medium
Please report: internet speed drops frequently,Medium
Wi-Fi signal is weak near my study table,Low
Please report: need the wi-fi password reset,Low
Please report: internet is slightly slower than usual,Low
Please add better Wi-Fi coverage to this room in my room.,Low
Gas leakage smell is coming from the hostel kitchen,High
Fire alarm is not working during an emergency test.,High
Emergency exit is blocked.,High
Smoke is coming from an electrical appliance in my room.,High
Hostel entrance security door is not functioning,High
Please report: cctv camera is not working,Medium
Emergency light is not working.,Medium
Staircase light is not working,Medium
Security gate lock is damaged in my room.,Medium
Please report: first aid box needs inspection,Medium
Need a safety notice near the staircase,Low
Please report: please replace a faded emergency sign,Low
Please report: need an additional fire safety instruction board,Low
Safety instructions are not visible in the corridor,Low
Please report: lost student is unable to access the hostel room,High
Hostel entrance is locked and students cannot enter.,High
Urgent assistance is needed in the hostel block in my room.,High
Please report: need assistance with hostel room allocation,Medium
Room key is missing,Medium
Hostel gate timing information is unclear.,Medium
Need help moving to another room,Medium
Please report: complaint about repeated disturbance in the corridor,Medium
Please report: need an extra room key,Low
Please report: please provide hostel rule information,Low
Need a new notice board.,Low
Request for an additional room hanger in my room.,Low
Need information about hostel facilities,Low
Major water pipe burst in the hostel bathroom.,High
Water is flooding the room due to a broken pipe in my room.,High
Please report: main water supply pipe is leaking heavily,High
Please report: sewage water is overflowing into the hostel corridor,High
Bathroom drainage is completely blocked and overflowing,High
No water supply in the entire hostel block.,High
Bathroom tap is leaking continuously,Medium
Wash basin drain is blocked in my room.,Medium
Shower is not working properly in my room.,Medium
Toilet flush is not working.,Medium
Please report: water pressure in the bathroom is very low,Medium
Please report: tap handle is broken,Medium
Please report: need a new bathroom tap,Low
Bathroom mirror has water stains in my room.,Low
Need a replacement bucket,Low
Water bottle filling tap is slightly loose.,Low
Please report: need an extra mug for the bathroom,Low
Electrical sparks are coming from the room switchboard,High
Burning smell is coming from the electrical socket in my room.,High
Power is completely out in the hostel block in my room.,High
Exposed electrical wire is hanging near the room.,High
Please report: main electrical panel is making unusual sounds,High
Ceiling fan is not working,Medium
Tube light is not working in the room in my room.,Medium
One electrical socket is not working in my room.,Medium
Room switch is damaged in my room.,Medium
Study lamp socket has stopped working in my room.,Medium
Fan regulator is not working properly.,Medium
Please report: need an additional charging socket,Low
Light is slightly dim in the room,Low
Need a replacement LED bulb in my room.,Low
Want an extra extension board in my room.,Low
Please report: switch cover is loose,Low
Ceiling is leaking heavily during rain.,High
Hostel room door cannot be locked,High
Broken window glass is creating a safety risk.,High
Ceiling plaster has fallen inside the room.,High
Staircase railing is broken and unsafe.,High
Door lock is damaged.,Medium
Window latch is broken,Medium
Main water supply pipe is leaking heavily on my floor.,High
Please report: no water supply in the entire hostel block.,High
Reporting an issue: main water supply pipe is leaking heavily near my room.,High
Water is flooding the room due to a broken pipe in my room.,High
Reporting an issue: water tank overflow is flooding the corridor.,High
Reporting an issue: no water supply in the entire hostel block near my room.,High
Reporting an issue: bathroom floor is flooded and slippery due to a burst pipe on my floor.,High
Complaint: major water pipe burst in the hostel bathroom on my floor.,High
Please report: major water pipe burst in the hostel bathroom on my floor.,High
Complaint: main water supply pipe is leaking heavily.,High
Reporting an issue: hot water geyser is leaking and sparking near the tap on my floor.,High
Reporting an issue: bathroom floor is flooded and slippery due to a burst pipe.,High
Reporting an issue: main water supply pipe is leaking heavily on my floor.,High
Reporting an issue: hot water geyser is leaking and sparking near the tap in my room.,High
Please report: water is flooding the room due to a broken pipe on my floor.,High
No water supply in the entire hostel block near my room.,High
Kindly note: bathroom floor is flooded and slippery due to a burst pipe in my room.,High
Please report: hot water geyser is leaking and sparking near the tap on my floor.,High
Please report: pipe burst has damaged the wiring near the bathroom in the hostel block.,High
Complaint: major water pipe burst in the hostel bathroom near my room.,High
Please report: water tank overflow is flooding the corridor on my floor.,High
No water supply in the entire hostel block on my floor.,High
Sewage water is backing up into the bathroom in my room.,High
Please report: hot water geyser is leaking and sparking near the tap near my room.,High
Please report: bathroom floor is flooded and slippery due to a burst pipe on my floor.,High
Reporting an issue: no water supply in the entire hostel block in the hostel block.,High
Complaint: pipe burst has damaged the wiring near the bathroom in the hostel block.,High
Please report: hot water geyser is leaking and sparking near the tap in my room.,High
Bathroom floor is flooded and slippery due to a burst pipe.,High
Please report: major water pipe burst in the hostel bathroom near my room.,High
Complaint: main water supply pipe is leaking heavily near my room.,High
Reporting an issue: bathroom floor is flooded and slippery due to a burst pipe on my floor.,High
Water is flooding the room due to a broken pipe in the hostel block.,High
Hot water geyser is leaking and sparking near the tap on my floor.,High
Complaint: major water pipe burst in the hostel bathroom.,High
Please report: water tank overflow is flooding the corridor in the hostel block.,High
Reporting an issue: sewage water is backing up into the bathroom in the hostel block.,High
Kindly note: major water pipe burst in the hostel bathroom in my room.,High
Water tank overflow is flooding the corridor in the hostel block.,High
Bathroom floor is flooded and slippery due to a burst pipe.,High
Please report: sewage water is backing up into the bathroom.,High
Pipe burst has damaged the wiring near the bathroom.,High
Reporting an issue: main water supply pipe is leaking heavily in my room.,High
Reporting an issue: bathroom floor is flooded and slippery due to a burst pipe in my room.,High
Reporting an issue: water tank overflow is flooding the corridor near my room.,High
Please report: water tank overflow is flooding the corridor on my floor.,High
Complaint: hot water geyser is leaking and sparking near the tap in the hostel block.,High
Please report: main water supply pipe is leaking heavily in my room.,High
Hot water geyser is leaking and sparking near the tap in the hostel block.,High
Reporting an issue: no water supply in the entire hostel block in my room.,High
Main water supply pipe is leaking heavily in my room.,High
Kindly note: water is flooding the room due to a broken pipe.,High
Kindly note: no water supply in the entire hostel block near my room.,High
Please report: water tank overflow is flooding the corridor in the hostel block.,High
Please report: bathroom floor is flooded and slippery due to a burst pipe near my room.,High
No water supply in the entire hostel block.,High
Complaint: hot water geyser is leaking and sparking near the tap near my room.,High
Water is flooding the room due to a broken pipe.,High
Hot water geyser is leaking and sparking near the tap in my room.,High
Reporting an issue: no water supply in the entire hostel block near my room.,High
Please report: ceiling is dripping water continuously from the pipe above on my floor.,High
No water supply in the entire hostel block near my room.,High
Main water supply pipe is leaking heavily in the hostel block.,High
Please report: main water supply pipe is leaking heavily in my room.,High
Complaint: bathroom floor is flooded and slippery due to a burst pipe in my room.,High
Please report: water is flooding the room due to a broken pipe near my room.,High
Kindly note: ceiling is dripping water continuously from the pipe above near my room.,High
Reporting an issue: ceiling is dripping water continuously from the pipe above near my room.,High
Kindly note: no water supply in the entire hostel block in my room.,High
Reporting an issue: pipe burst has damaged the wiring near the bathroom.,High
Water is flooding the room due to a broken pipe in the hostel block.,High
Reporting an issue: water tank overflow is flooding the corridor in my room.,High
Water tank overflow is flooding the corridor in my room.,High
Pipe burst has damaged the wiring near the bathroom in my room.,High
Reporting an issue: main water supply pipe is leaking heavily in my room.,High
Pipe burst has damaged the wiring near the bathroom in the hostel block.,High
Reporting an issue: ceiling is dripping water continuously from the pipe above in the hostel block.,High
Kindly note: hot water geyser is leaking and sparking near the tap in my room.,High
Kindly note: no water supply in the entire hostel block near my room.,High
Complaint: sewage water is backing up into the bathroom on my floor.,High
Complaint: water is flooding the room due to a broken pipe in the hostel block.,High
Main water supply pipe is leaking heavily in the hostel block.,High
Kindly note: water tank overflow is flooding the corridor in my room.,High
Please report: main water supply pipe is leaking heavily on my floor.,High
Complaint: major water pipe burst in the hostel bathroom in the hostel block.,High
Reporting an issue: pipe burst has damaged the wiring near the bathroom.,High
Sewage water is backing up into the bathroom in my room.,High
Main water supply pipe is leaking heavily in the hostel block.,High
Kindly note: sewage water is backing up into the bathroom in the hostel block.,High
Please report: hot water geyser is leaking and sparking near the tap on my floor.,High
Kindly note: flush tank is making a loud noise.,Medium
Kindly note: geyser is not heating water properly.,Medium
Please report: water pressure in the bathroom is very low on my floor.,Medium
Reporting an issue: flush tank is making a loud noise near my room.,Medium
Toilet flush is not working.,Medium
Bathroom door lock near the shower is rusted and stuck on my floor.,Medium
Please report: bathroom door lock near the shower is rusted and stuck near my room.,Medium
Kindly note: toilet flush is not working on my floor.,Medium
Please report: water pressure in the bathroom is very low in my room.,Medium
Reporting an issue: water pressure in the bathroom is very low near my room.,Medium
Please report: bathroom drain is clogged and draining slowly in my room.,Medium
Geyser is not heating water properly in my room.,Medium
Please report: geyser is not heating water properly on my floor.,Medium
Complaint: tap handle is broken.,Medium
Please report: shower head is leaking constantly near my room.,Medium
Please report: wash basin tap is dripping continuously in my room.,Medium
Complaint: shower head is leaking constantly on my floor.,Medium
Kindly note: tap handle is broken on my floor.,Medium
Reporting an issue: geyser is not heating water properly on my floor.,Medium
Kindly note: tap handle is broken in my room.,Medium
Wash basin tap is dripping continuously.,Medium
Kindly note: geyser is not heating water properly on my floor.,Medium
Reporting an issue: cold water tap is not shutting off completely.,Medium
Please report: cold water tap is not shutting off completely on my floor.,Medium
Geyser is not heating water properly in the hostel block.,Medium
Kindly note: shower head is leaking constantly near my room.,Medium
Reporting an issue: water pressure in the bathroom is very low on my floor.,Medium
Reporting an issue: wash basin tap is dripping continuously on my floor.,Medium
Complaint: water pressure in the bathroom is very low on my floor.,Medium
Please report: bathroom drain is clogged and draining slowly near my room.,Medium
Reporting an issue: bathroom drain is clogged and draining slowly in the hostel block.,Medium
Reporting an issue: geyser is not heating water properly.,Medium
Please report: wash basin tap is dripping continuously near my room.,Medium
Kindly note: cold water tap is not shutting off completely near my room.,Medium
Please report: flush tank is making a loud noise in the hostel block.,Medium
Bathroom drain is clogged and draining slowly on my floor.,Medium
Kindly note: cold water tap is not shutting off completely.,Medium
Please report: wash basin tap is dripping continuously in my room.,Medium
Toilet flush is not working in my room.,Medium
Cold water tap is not shutting off completely near my room.,Medium
Please report: cold water tap is not shutting off completely near my room.,Medium
Please report: geyser is not heating water properly in my room.,Medium
Complaint: tap handle is broken in my room.,Medium
Complaint: bathroom door lock near the shower is rusted and stuck.,Medium
Shower head is leaking constantly near my room.,Medium
Reporting an issue: flush tank is making a loud noise in the hostel block.,Medium
Complaint: water pressure in the bathroom is very low in the hostel block.,Medium
Reporting an issue: geyser is not heating water properly near my room.,Medium
Complaint: flush tank is making a loud noise on my floor.,Medium
Reporting an issue: wash basin tap is dripping continuously near my room.,Medium
Complaint: wash basin tap is dripping continuously.,Medium
Kindly note: shower head is leaking constantly on my floor.,Medium
Bathroom door lock near the shower is rusted and stuck in my room.,Medium
Complaint: shower head is leaking constantly in my room.,Medium
Complaint: tap handle is broken near my room.,Medium
Complaint: bathroom door lock near the shower is rusted and stuck near my room.,Medium
Complaint: shower head is leaking constantly near my room.,Medium
Reporting an issue: toilet flush is not working near my room.,Medium
Kindly note: toilet flush is not working on my floor.,Medium
Reporting an issue: geyser is not heating water properly in the hostel block.,Medium
Complaint: shower head is leaking constantly in my room.,Medium
Complaint: geyser is not heating water properly.,Medium
Complaint: water pressure in the bathroom is very low in my room.,Medium
Reporting an issue: bathroom drain is clogged and draining slowly in the hostel block.,Medium
Reporting an issue: geyser is not heating water properly in the hostel block.,Medium
Complaint: tap handle is broken in my room.,Medium
Bathroom drain is clogged and draining slowly on my floor.,Medium
Please report: water pressure in the bathroom is very low near my room.,Medium
Complaint: water pressure in the bathroom is very low on my floor.,Medium
Wash basin tap is dripping continuously near my room.,Medium
Bathroom door lock near the shower is rusted and stuck on my floor.,Medium
Tap handle is broken.,Medium
Shower head is leaking constantly in the hostel block.,Medium
Please report: shower head is leaking constantly near my room.,Medium
Please report: cold water tap is not shutting off completely near my room.,Medium
Please report: water pressure in the bathroom is very low in the hostel block.,Medium
Please report: tap handle is broken on my floor.,Medium
Cold water tap is not shutting off completely on my floor.,Medium
Complaint: geyser is not heating water properly in my room.,Medium
Please report: cold water tap is not shutting off completely.,Medium
Cold water tap is not shutting off completely in the hostel block.,Medium
Reporting an issue: water pressure in the bathroom is very low near my room.,Medium
Reporting an issue: tap handle is broken on my floor.,Medium
Complaint: geyser is not heating water properly.,Medium
Complaint: water pressure in the bathroom is very low in my room.,Medium
Reporting an issue: bathroom drain is clogged and draining slowly on my floor.,Medium
Complaint: bathroom door lock near the shower is rusted and stuck near my room.,Medium
Kindly note: cold water tap is not shutting off completely on my floor.,Medium
Kindly note: tap handle is broken near my room.,Medium
Reporting an issue: flush tank is making a loud noise in the hostel block.,Medium
Need a spare bucket for the room near my room.,Low
Complaint: need a new bathroom tap in my room.,Low
Kindly note: bathroom mirror has a small crack on my floor.,Low
Reporting an issue: bathroom mirror has a small crack.,Low
Soap dish is broken in the bathroom in my room.,Low
Reporting an issue: bathroom tile near the drain is slightly loose in my room.,Low
Complaint: bathroom tile near the drain is slightly loose.,Low
Please report: bathroom mirror has a small crack near my room.,Low
Reporting an issue: bathroom mirror has a small crack on my floor.,Low
Reporting an issue: need a new shower curtain on my floor.,Low
Kindly note: need a new shower curtain on my floor.,Low
Kindly note: bathroom mirror has a small crack on my floor.,Low
Please report: water bottle filling tap is slightly loose on my floor.,Low
Please report: need a new shower curtain in my room.,Low
Kindly note: bathroom tile near the drain is slightly loose in the hostel block.,Low
Kindly note: bathroom door hinge makes a small noise.,Low
Please report: bathroom mirror has a small crack on my floor.,Low
Bathroom mirror has a small crack in the hostel block.,Low
Bathroom mirror has a small crack.,Low
Please report: bathroom mirror has a small crack near my room.,Low
Reporting an issue: need an extra mug for the bathroom on my floor.,Low
Complaint: bathroom tile near the drain is slightly loose on my floor.,Low
Kindly note: need an extra mug for the bathroom near my room.,Low
Complaint: water bottle filling tap is slightly loose near my room.,Low
Bathroom door hinge makes a small noise in my room.,Low
Kindly note: bathroom door hinge makes a small noise.,Low
Reporting an issue: water bottle filling tap is slightly loose near my room.,Low
Reporting an issue: bathroom door hinge makes a small noise in my room.,Low
Complaint: tap is squeaking slightly when turned near my room.,Low
Complaint: bathroom door hinge makes a small noise on my floor.,Low
Bathroom door hinge makes a small noise in the hostel block.,Low
Please report: soap dish is broken in the bathroom on my floor.,Low
Please report: need a new bathroom tap in my room.,Low
Please report: water bottle filling tap is slightly loose.,Low
Reporting an issue: bathroom tile near the drain is slightly loose near my room.,Low
Please report: need an extra mug for the bathroom on my floor.,Low
Bathroom tile near the drain is slightly loose in my room.,Low
Please report: bathroom door hinge makes a small noise near my room.,Low
Please report: need a new shower curtain in my room.,Low
Need a new bathroom tap.,Low
Reporting an issue: bathroom mirror has a small crack in the hostel block.,Low
Bathroom tile near the drain is slightly loose near my room.,Low
Kindly note: tap is squeaking slightly when turned in the hostel block.,Low
Complaint: bathroom tile near the drain is slightly loose.,Low
Complaint: need an extra mug for the bathroom on my floor.,Low
Bathroom mirror has a small crack.,Low
Reporting an issue: bathroom door hinge makes a small noise.,Low
Bathroom door hinge makes a small noise in my room.,Low
Complaint: need a new shower curtain on my floor.,Low
Complaint: bathroom door hinge makes a small noise near my room.,Low
Kindly note: bathroom tile near the drain is slightly loose near my room.,Low
Need a spare bucket for the room in my room.,Low
Complaint: tap is squeaking slightly when turned on my floor.,Low
Need a new shower curtain near my room.,Low
Kindly note: need a spare bucket for the room on my floor.,Low
Reporting an issue: tap is squeaking slightly when turned.,Low
Complaint: bathroom tile near the drain is slightly loose.,Low
Kindly note: need a new shower curtain in the hostel block.,Low
Bathroom tile near the drain is slightly loose in my room.,Low
Please report: need a new shower curtain on my floor.,Low
Bathroom tile near the drain is slightly loose.,Low
Please report: soap dish is broken in the bathroom on my floor.,Low
Reporting an issue: need an extra mug for the bathroom near my room.,Low
Soap dish is broken in the bathroom near my room.,Low
Complaint: need a new bathroom tap on my floor.,Low
Complaint: bathroom mirror has a small crack near my room.,Low
Complaint: soap dish is broken in the bathroom in the hostel block.,Low
Please report: tap is squeaking slightly when turned in the hostel block.,Low
Need a new bathroom tap on my floor.,Low
Reporting an issue: need a spare bucket for the room on my floor.,Low
Kindly note: bathroom mirror has a small crack in the hostel block.,Low
Please report: bathroom tile near the drain is slightly loose near my room.,Low
Kindly note: bathroom tile near the drain is slightly loose on my floor.,Low
Complaint: need a new shower curtain near my room.,Low
Please report: soap dish is broken in the bathroom in the hostel block.,Low
Complaint: exposed wiring near the ceiling fan is a shock hazard.,High
Complaint: wiring in the corridor is exposed and dangerous near my room.,High
Wiring in the corridor is exposed and dangerous in my room.,High
Kindly note: room went completely dark after a loud electrical bang.,High
Reporting an issue: electrical sparks are coming from the room switchboard near my room.,High
Complaint: power is completely out in the hostel block in my room.,High
Kindly note: wiring in the corridor is exposed and dangerous on my floor.,High
Socket near the study table is emitting smoke on my floor.,High
Kindly note: socket near the study table is emitting smoke near my room.,High
Reporting an issue: burning smell is coming from the electrical socket.,High
Please report: short circuit caused smoke near the room heater.,High
Electrical sparks are coming from the room switchboard near my room.,High
Short circuit caused smoke near the room heater.,High
Kindly note: burning smell is coming from the electrical socket on my floor.,High
Please report: socket near the study table is emitting smoke in my room.,High
Reporting an issue: socket near the study table is emitting smoke in my room.,High
Power is completely out in the hostel block in the hostel block.,High
Please report: room went completely dark after a loud electrical bang near my room.,High
Please report: power is completely out in the hostel block near my room.,High
Kindly note: wiring in the corridor is exposed and dangerous.,High
Reporting an issue: short circuit caused smoke near the room heater in my room.,High
Kindly note: wiring in the corridor is exposed and dangerous in the hostel block.,High
Kindly note: socket near the study table is emitting smoke near my room.,High
Complaint: exposed wiring near the ceiling fan is a shock hazard near my room.,High
Complaint: exposed wiring near the ceiling fan is a shock hazard in the hostel block.,High
Kindly note: room went completely dark after a loud electrical bang on my floor.,High
Kindly note: socket near the study table is emitting smoke.,High
Reporting an issue: burning smell is coming from the electrical socket near my room.,High
Reporting an issue: exposed wiring near the ceiling fan is a shock hazard on my floor.,High
Reporting an issue: exposed wiring near the ceiling fan is a shock hazard on my floor.,High
Electrical sparks are coming from the room switchboard on my floor.,High
Reporting an issue: burning smell is coming from the electrical socket on my floor.,High
Kindly note: electrical sparks are coming from the room switchboard on my floor.,High
Please report: power is completely out in the hostel block in my room.,High
Reporting an issue: main distribution board is sparking in the hostel block.,High
Kindly note: power is completely out in the hostel block near my room.,High
Main distribution board is sparking near my room.,High
Please report: power is completely out in the hostel block near my room.,High
Main distribution board is sparking near my room.,High
Reporting an issue: short circuit caused smoke near the room heater.,High
Kindly note: main distribution board is sparking in the hostel block.,High
Main distribution board is sparking in my room.,High
Reporting an issue: burning smell is coming from the electrical socket in the hostel block.,High
Please report: room went completely dark after a loud electrical bang.,High
Complaint: short circuit caused smoke near the room heater.,High
Burning smell is coming from the electrical socket on my floor.,High
Electrical sparks are coming from the room switchboard in my room.,High
Complaint: power is completely out in the hostel block near my room.,High
Complaint: fan motor caught fire briefly during use in the hostel block.,High
Socket near the study table is emitting smoke near my room.,High
Kindly note: socket near the study table is emitting smoke.,High
Complaint: exposed wiring near the ceiling fan is a shock hazard near my room.,High
Main distribution board is sparking on my floor.,High
Main distribution board is sparking near my room.,High
Exposed wiring near the ceiling fan is a shock hazard near my room.,High
Reporting an issue: exposed wiring near the ceiling fan is a shock hazard.,High
Please report: main distribution board is sparking in my room.,High
Exposed wiring near the ceiling fan is a shock hazard in the hostel block.,High
Please report: room went completely dark after a loud electrical bang in my room.,High
Reporting an issue: power is completely out in the hostel block.,High
Please report: power is completely out in the hostel block in the hostel block.,High
Power is completely out in the hostel block.,High
Kindly note: burning smell is coming from the electrical socket in my room.,High
Main distribution board is sparking in my room.,High
Please report: burning smell is coming from the electrical socket near my room.,High
Electrical sparks are coming from the room switchboard near my room.,High
Reporting an issue: main distribution board is sparking in the hostel block.,High
Reporting an issue: wiring in the corridor is exposed and dangerous in my room.,High
Reporting an issue: burning smell is coming from the electrical socket on my floor.,High
Burning smell is coming from the electrical socket near my room.,High
Socket near the study table is emitting smoke near my room.,High
Electrical sparks are coming from the room switchboard on my floor.,High
Power is completely out in the hostel block in my room.,High
Reporting an issue: room went completely dark after a loud electrical bang in the hostel block.,High
Reporting an issue: socket near the study table is emitting smoke in the hostel block.,High
Reporting an issue: extension board in the room stopped working in the hostel block.,Medium
Room switch is damaged in the hostel block.,Medium
Complaint: room light flickers intermittently in my room.,Medium
Complaint: fan regulator is not functioning properly near my room.,Medium
Kindly note: room switch is damaged near my room.,Medium
Kindly note: power socket near the bed is loose in my room.,Medium
Room switch is damaged.,Medium
Room light flickers intermittently on my floor.,Medium
Switchboard cover is cracked in the hostel block.,Medium
Kindly note: switchboard cover is cracked.,Medium
Complaint: fan regulator is not functioning properly.,Medium
Kindly note: aC remote is not responding to the switch on my floor.,Medium
Reporting an issue: aC remote is not responding to the switch in my room.,Medium
Please report: extension board in the room stopped working.,Medium
Kindly note: switchboard cover is cracked.,Medium
Please report: aC remote is not responding to the switch near my room.,Medium
Reporting an issue: aC remote is not responding to the switch in the hostel block.,Medium
Kindly note: aC remote is not responding to the switch.,Medium
Kindly note: power socket near the bed is loose on my floor.,Medium
Please report: study lamp socket has stopped working in my room.,Medium
Room light flickers intermittently in my room.,Medium
Reporting an issue: room switch is damaged in my room.,Medium
Complaint: room light flickers intermittently on my floor.,Medium
Kindly note: fan regulator is not functioning properly on my floor.,Medium
AC remote is not responding to the switch.,Medium
Reporting an issue: ceiling fan is not working.,Medium
Complaint: power socket near the bed is loose near my room.,Medium
Complaint: aC remote is not responding to the switch near my room.,Medium
Reporting an issue: tube light is not working in the room.,Medium
Room light flickers intermittently on my floor.,Medium
Reporting an issue: extension board in the room stopped working on my floor.,Medium
Complaint: tube light is not working in the room in the hostel block.,Medium
Please report: study lamp socket has stopped working on my floor.,Medium
Kindly note: ceiling fan is not working on my floor.,Medium
Room switch is damaged near my room.,Medium
Please report: ceiling fan is not working near my room.,Medium
Reporting an issue: tube light is not working in the room in the hostel block.,Medium
Complaint: room switch is damaged.,Medium
Complaint: study lamp socket has stopped working.,Medium
Complaint: aC remote is not responding to the switch in the hostel block.,Medium
Kindly note: room light flickers intermittently.,Medium
Kindly note: study lamp socket has stopped working in my room.,Medium
Kindly note: extension board in the room stopped working.,Medium
Please report: room switch is damaged near my room.,Medium
Reporting an issue: room light flickers intermittently.,Medium
Kindly note: power socket near the bed is loose in my room.,Medium
Ceiling fan is not working in the hostel block.,Medium
Reporting an issue: switchboard cover is cracked in my room.,Medium
Please report: fan regulator is not functioning properly in my room.,Medium
Kindly note: ceiling fan is not working in my room.,Medium
Please report: aC remote is not responding to the switch.,Medium
Complaint: extension board in the room stopped working in the hostel block.,Medium
Reporting an issue: extension board in the room stopped working in the hostel block.,Medium
Please report: fan regulator is not functioning properly near my room.,Medium
Complaint: extension board in the room stopped working on my floor.,Medium
AC remote is not responding to the switch on my floor.,Medium
Kindly note: room switch is damaged near my room.,Medium
Study lamp socket has stopped working on my floor.,Medium
Room switch is damaged in the hostel block.,Medium
Complaint: switchboard cover is cracked near my room.,Medium
Switchboard cover is cracked near my room.,Medium
Kindly note: tube light is not working in the room in the hostel block.,Medium
Please report: switchboard cover is cracked.,Medium
Kindly note: room switch is damaged.,Medium
Ceiling fan is not working in my room.,Medium
Reporting an issue: extension board in the room stopped working in the hostel block.,Medium
Kindly note: ceiling fan is not working on my floor.,Medium
Complaint: room light flickers intermittently on my floor.,Medium
Kindly note: study lamp socket has stopped working.,Medium
Reporting an issue: room switch is damaged near my room.,Medium
Reporting an issue: power socket near the bed is loose in my room.,Medium
Reporting an issue: room switch is damaged in my room.,Medium
Complaint: power socket near the bed is loose in my room.,Medium
Kindly note: room switch is damaged in the hostel block.,Medium
Please report: fan regulator is not functioning properly in the hostel block.,Medium
Reporting an issue: room light flickers intermittently on my floor.,Medium
Kindly note: fan regulator is not functioning properly in my room.,Medium
Complaint: fan regulator is not functioning properly in my room.,Medium
Please report: ceiling fan is not working.,Medium
Reporting an issue: room switch is damaged in the hostel block.,Medium
Kindly note: study lamp socket has stopped working in the hostel block.,Medium
Complaint: aC remote is not responding to the switch in my room.,Medium
Reporting an issue: ceiling fan is not working in my room.,Medium
Complaint: study lamp socket has stopped working on my floor.,Medium
Reporting an issue: extension board in the room stopped working on my floor.,Medium
Reporting an issue: tube light is not working in the room in my room.,Medium
Please report: extension board in the room stopped working on my floor.,Medium
Complaint: extension board in the room stopped working on my floor.,Medium
Reporting an issue: switchboard cover is cracked near my room.,Medium
Reporting an issue: tube light is not working in the room in my room.,Medium
Complaint: light is slightly dim in the room on my floor.,Low
Reporting an issue: switch cover is loose.,Low
Please report: switch cover is loose on my floor.,Low
Please report: need a new charging socket cover near my room.,Low
Complaint: fan makes a slight rattling noise on my floor.,Low
Bedside lamp switch is a bit stiff near my room.,Low
Please report: need an extra extension cord near my room.,Low
Please report: need an extra extension cord.,Low
Kindly note: switch cover is loose in my room.,Low
Kindly note: light is slightly dim in the room near my room.,Low
Complaint: plug point cover is slightly cracked in the hostel block.,Low
Switch cover is loose on my floor.,Low
Reporting an issue: need a replacement LED bulb in the hostel block.,Low
Bedside lamp switch is a bit stiff on my floor.,Low
Room light takes a few seconds to turn on.,Low
Reporting an issue: bedside lamp switch is a bit stiff near my room.,Low
Complaint: switch cover is loose in the hostel block.,Low
Reporting an issue: light is slightly dim in the room in the hostel block.,Low
Kindly note: need a replacement LED bulb near my room.,Low
Kindly note: fan speed indicator light is not glowing in my room.,Low
Please report: bedside lamp switch is a bit stiff.,Low
Need an extra extension cord in the hostel block.,Low
Reporting an issue: need a new charging socket cover in the hostel block.,Low
Complaint: bedside lamp switch is a bit stiff.,Low
Kindly note: need an extra extension cord.,Low
Kindly note: switch cover is loose in my room.,Low
Kindly note: fan speed indicator light is not glowing in my room.,Low
Reporting an issue: need an extra extension cord on my floor.,Low
Complaint: plug point cover is slightly cracked in my room.,Low
Complaint: switch cover is loose.,Low
Fan makes a slight rattling noise in my room.,Low
Kindly note: need an extra extension cord in the hostel block.,Low
Complaint: need a new charging socket cover on my floor.,Low
Kindly note: fan makes a slight rattling noise on my floor.,Low
Kindly note: need an extra extension cord.,Low
Complaint: bedside lamp switch is a bit stiff near my room.,Low
Please report: need an extra extension cord near my room.,Low
Reporting an issue: need an extra extension cord on my floor.,Low
Bedside lamp switch is a bit stiff near my room.,Low
Reporting an issue: need a replacement LED bulb on my floor.,Low
Switch cover is loose on my floor.,Low
Complaint: room light takes a few seconds to turn on in the hostel block.,Low
Complaint: need a replacement LED bulb on my floor.,Low
Kindly note: light is slightly dim in the room in the hostel block.,Low
Room light takes a few seconds to turn on.,Low
Reporting an issue: need an extra extension cord in my room.,Low
Reporting an issue: need a replacement LED bulb near my room.,Low
Need a replacement LED bulb in my room.,Low
Complaint: need an extra extension cord in the hostel block.,Low
Please report: fan speed indicator light is not glowing near my room.,Low
Complaint: need an extra extension cord.,Low
Reporting an issue: need a replacement LED bulb on my floor.,Low
Kindly note: need an extra extension cord in my room.,Low
Please report: light is slightly dim in the room near my room.,Low
Reporting an issue: bedside lamp switch is a bit stiff.,Low
Complaint: room light takes a few seconds to turn on in my room.,Low
Complaint: room light takes a few seconds to turn on in my room.,Low
Need a replacement LED bulb near my room.,Low
Plug point cover is slightly cracked on my floor.,Low
Reporting an issue: switch cover is loose in the hostel block.,Low
Please report: room light takes a few seconds to turn on in my room.,Low
Please report: need a new charging socket cover.,Low
Please report: need a replacement LED bulb near my room.,Low
Reporting an issue: need an extra extension cord in the hostel block.,Low
Reporting an issue: plug point cover is slightly cracked in my room.,Low
Switch cover is loose on my floor.,Low
Reporting an issue: plug point cover is slightly cracked near my room.,Low
Fan speed indicator light is not glowing in my room.,Low
Complaint: switch cover is loose near my room.,Low
Please report: need an extra extension cord in the hostel block.,Low
Please report: need a replacement LED bulb near my room.,Low
Light is slightly dim in the room in the hostel block.,Low
Please report: room light takes a few seconds to turn on in my room.,Low
Kindly note: fan makes a slight rattling noise in the hostel block.,Low
Kindly note: switch cover is loose in my room.,Low
Please report: balcony grill is loose and could fall on my floor.,High
Room door has come off its hinges in the hostel block.,High
Reporting an issue: wooden flooring is rotting and unsafe to walk on in my room.,High
Reporting an issue: wooden flooring is rotting and unsafe to walk on on my floor.,High
Broken window glass is creating a safety risk.,High
Kindly note: wooden flooring is rotting and unsafe to walk on in my room.,High
Reporting an issue: ceiling plaster is falling off near the bed.,High
Kindly note: room door has come off its hinges on my floor.,High
Complaint: room door lock is completely broken and won't secure on my floor.,High
Staircase railing is broken and unsafe in my room.,High
Complaint: ceiling plaster is falling off near the bed near my room.,High
Reporting an issue: large crack has appeared in the room wall in my room.,High
Kindly note: large crack has appeared in the room wall near my room.,High
Reporting an issue: large crack has appeared in the room wall in the hostel block.,High
Please report: large crack has appeared in the room wall near my room.,High
Complaint: balcony grill is loose and could fall in my room.,High
Staircase railing is broken and unsafe on my floor.,High
Complaint: wooden flooring is rotting and unsafe to walk on in my room.,High
Reporting an issue: large crack has appeared in the room wall on my floor.,High
Complaint: ceiling is leaking heavily during rain in the hostel block.,High
Kindly note: window frame has come loose from the wall near my room.,High
Complaint: staircase railing is broken and unsafe in the hostel block.,High
Please report: room door lock is completely broken and won't secure in the hostel block.,High
Broken window glass is creating a safety risk on my floor.,High
Complaint: wooden flooring is rotting and unsafe to walk on on my floor.,High
Broken window glass is creating a safety risk near my room.,High
Kindly note: balcony grill is loose and could fall near my room.,High
Complaint: broken window glass is creating a safety risk.,High
Please report: room door has come off its hinges on my floor.,High
Balcony grill is loose and could fall near my room.,High
Reporting an issue: window frame has come loose from the wall on my floor.,High
Wooden flooring is rotting and unsafe to walk on in my room.,High
Kindly note: ceiling plaster is falling off near the bed on my floor.,High
Please report: large crack has appeared in the room wall in my room.,High
Complaint: room door has come off its hinges in the hostel block.,High
Broken window glass is creating a safety risk in my room.,High
Reporting an issue: window frame has come loose from the wall near my room.,High
Reporting an issue: wooden flooring is rotting and unsafe to walk on in my room.,High
Kindly note: wooden flooring is rotting and unsafe to walk on in my room.,High
Kindly note: wooden flooring is rotting and unsafe to walk on in the hostel block.,High
Reporting an issue: room door has come off its hinges in the hostel block.,High
Kindly note: wooden flooring is rotting and unsafe to walk on near my room.,High
Kindly note: large crack has appeared in the room wall.,High
Kindly note: wooden flooring is rotting and unsafe to walk on.,High
Kindly note: window frame has come loose from the wall in the hostel block.,High
Room door lock is completely broken and won't secure in the hostel block.,High
Reporting an issue: ceiling is leaking heavily during rain in the hostel block.,High
Please report: ceiling is leaking heavily during rain.,High
Please report: staircase railing is broken and unsafe.,High
Complaint: large crack has appeared in the room wall in my room.,High
Complaint: room door lock is completely broken and won't secure in the hostel block.,High
Window frame has come loose from the wall in my room.,High
Reporting an issue: room door lock is completely broken and won't secure on my floor.,High
Complaint: room door has come off its hinges on my floor.,High
Reporting an issue: window frame has come loose from the wall on my floor.,High
Kindly note: large crack has appeared in the room wall in the hostel block.,High
Please report: room door lock is completely broken and won't secure on my floor.,High
Please report: balcony grill is loose and could fall on my floor.,High
Complaint: room door lock is completely broken and won't secure on my floor.,High
Reporting an issue: large crack has appeared in the room wall on my floor.,High
Reporting an issue: staircase railing is broken and unsafe in the hostel block.,High
Kindly note: ceiling plaster is falling off near the bed in my room.,High
Kindly note: broken window glass is creating a safety risk.,High
Kindly note: window frame has come loose from the wall near my room.,High
Reporting an issue: room door lock is completely broken and won't secure on my floor.,High
Please report: balcony grill is loose and could fall.,High
Please report: wooden flooring is rotting and unsafe to walk on in my room.,High
Please report: room door has come off its hinges in my room.,High
Complaint: staircase railing is broken and unsafe on my floor.,High
Please report: staircase railing is broken and unsafe.,High
Complaint: ceiling is leaking heavily during rain near my room.,High
Kindly note: room door lock is completely broken and won't secure on my floor.,High
Broken window glass is creating a safety risk in the hostel block.,High
Room door has come off its hinges in my room.,High
Ceiling is leaking heavily during rain near my room.,High
Kindly note: window latch is broken.,Medium
Reporting an issue: curtain rod has fallen down in the hostel block.,Medium
Kindly note: ceiling fan hook is loose near my room.,Medium
Complaint: room paint is peeling near the window in my room.,Medium
Kindly note: window does not close fully in the rain in my room.,Medium
Please report: ceiling fan hook is loose near my room.,Medium
Window latch is broken on my floor.,Medium
Please report: cupboard hinge is squeaking loudly in my room.,Medium
Complaint: door handle is wobbly in the hostel block.,Medium
Complaint: wardrobe door is damaged.,Medium
Complaint: window latch is broken on my floor.,Medium
Kindly note: room door is difficult to close near my room.,Medium
Kindly note: window does not close fully in the rain on my floor.,Medium
Reporting an issue: cupboard hinge is squeaking loudly.,Medium
Please report: ceiling fan hook is loose.,Medium
Kindly note: window does not close fully in the rain in my room.,Medium
Kindly note: room paint is peeling near the window.,Medium
Reporting an issue: ceiling fan hook is loose in my room.,Medium
Complaint: window latch is broken in my room.,Medium
Kindly note: cupboard hinge is squeaking loudly near my room.,Medium
Reporting an issue: window does not close fully in the rain in my room.,Medium
Cupboard hinge is squeaking loudly in the hostel block.,Medium
Kindly note: room paint is peeling near the window.,Medium
Wardrobe door is damaged in the hostel block.,Medium
Reporting an issue: room key is stuck in the lock in the hostel block.,Medium
Kindly note: window latch is broken in the hostel block.,Medium
Please report: wardrobe door is damaged in the hostel block.,Medium
Reporting an issue: wardrobe door is damaged near my room.,Medium
Please report: window does not close fully in the rain in the hostel block.,Medium
Reporting an issue: window does not close fully in the rain.,Medium
Kindly note: window does not close fully in the rain.,Medium
Curtain rod has fallen down in my room.,Medium
Wardrobe door is damaged near my room.,Medium
Reporting an issue: wardrobe door is damaged.,Medium
Window does not close fully in the rain on my floor.,Medium
Please report: window latch is broken near my room.,Medium
Complaint: door handle is wobbly near my room.,Medium
Reporting an issue: wardrobe door is damaged in my room.,Medium
Please report: wardrobe door is damaged in the hostel block.,Medium
Please report: room paint is peeling near the window in my room.,Medium
Kindly note: room door is difficult to close near my room.,Medium
Reporting an issue: door handle is wobbly near my room.,Medium
Complaint: room key is stuck in the lock on my floor.,Medium
Please report: curtain rod has fallen down.,Medium
Reporting an issue: door handle is wobbly.,Medium
Room key is stuck in the lock.,Medium
Complaint: room door is difficult to close in the hostel block.,Medium
Room key is stuck in the lock near my room.,Medium
Reporting an issue: room key is stuck in the lock in my room.,Medium
Reporting an issue: window latch is broken on my floor.,Medium
Kindly note: cupboard hinge is squeaking loudly in the hostel block.,Medium
Please report: ceiling fan hook is loose on my floor.,Medium
Please report: room paint is peeling near the window near my room.,Medium
Curtain rod has fallen down in the hostel block.,Medium
Complaint: window latch is broken in the hostel block.,Medium
Kindly note: room door is difficult to close near my room.,Medium
Complaint: ceiling fan hook is loose near my room.,Medium
Complaint: curtain rod has fallen down in my room.,Medium
Please report: window does not close fully in the rain in my room.,Medium
Complaint: window latch is broken.,Medium
Complaint: door handle is wobbly in the hostel block.,Medium
Complaint: window latch is broken in my room.,Medium
Kindly note: room key is stuck in the lock.,Medium
Ceiling fan hook is loose in the hostel block.,Medium
Kindly note: room door is difficult to close near my room.,Medium
Cupboard hinge is squeaking loudly.,Medium
Reporting an issue: cupboard hinge is squeaking loudly in my room.,Medium
Kindly note: room key is stuck in the lock on my floor.,Medium
Please report: room key is stuck in the lock.,Medium
Reporting an issue: room key is stuck in the lock in my room.,Medium
Reporting an issue: room key is stuck in the lock on my floor.,Medium
Complaint: door handle is wobbly in the hostel block.,Medium
Kindly note: curtain rod has fallen down on my floor.,Medium
Complaint: window does not close fully in the rain.,Medium
Please report: ceiling fan hook is loose on my floor.,Medium
Door handle is wobbly in the hostel block.,Medium
Window latch is broken on my floor.,Medium
Reporting an issue: cupboard hinge is squeaking loudly near my room.,Medium
Please report: window curtain is damaged on my floor.,Low
Reporting an issue: need a new curtain hook in my room.,Low
Kindly note: wall paint has a small chip near the door on my floor.,Low
Complaint: door hinge needs slight oiling in my room.,Low
Please report: window curtain is damaged in the hostel block.,Low
Reporting an issue: window curtain is damaged.,Low
Wardrobe handle is loose.,Low
Please report: need a new curtain hook in my room.,Low
Window curtain is damaged in my room.,Low
Kindly note: door hinge needs slight oiling.,Low
Complaint: need a spare window latch near my room.,Low
Reporting an issue: wardrobe handle is loose in the hostel block.,Low
Wardrobe handle is loose in the hostel block.,Low
Kindly note: wall paint has a small chip near the door.,Low
Please report: need a new curtain hook.,Low
Please report: wall paint has a small chip near the door in my room.,Low
Reporting an issue: need a spare window latch on my floor.,Low
Complaint: small crack has appeared on the windowsill.,Low
Complaint: need a new curtain hook in the hostel block.,Low
Kindly note: need a new door mat.,Low
Complaint: need a replacement door stopper near my room.,Low
Complaint: wall paint has a small chip near the door.,Low
Window curtain is damaged near my room.,Low
Reporting an issue: room number plate has fallen off.,Low
Please report: wardrobe handle is loose in my room.,Low
Kindly note: door hinge needs slight oiling.,Low
Reporting an issue: small crack has appeared on the windowsill in the hostel block.,Low
Kindly note: window curtain is damaged.,Low
Please report: need a spare window latch near my room.,Low
Please report: small crack has appeared on the windowsill in the hostel block.,Low
Complaint: need a spare window latch in the hostel block.,Low
Please report: need a new curtain hook.,Low
Room number plate has fallen off.,Low
Need a new door mat on my floor.,Low
Reporting an issue: need a spare window latch near my room.,Low
Kindly note: wardrobe handle is loose near my room.,Low
Kindly note: need a new door mat in the hostel block.,Low
Please report: need a new curtain hook in the hostel block.,Low
Reporting an issue: need a replacement door stopper on my floor.,Low
Need a replacement door stopper on my floor.,Low
Please report: need a new curtain hook near my room.,Low
Room number plate has fallen off.,Low
Complaint: small crack has appeared on the windowsill on my floor.,Low
Please report: need a replacement door stopper.,Low
Complaint: need a new curtain hook in the hostel block.,Low
Complaint: wall paint has a small chip near the door.,Low
Kindly note: need a replacement door stopper in the hostel block.,Low
Reporting an issue: need a spare window latch on my floor.,Low
Kindly note: wardrobe handle is loose near my room.,Low
Reporting an issue: need a replacement door stopper in my room.,Low
Please report: wall paint has a small chip near the door near my room.,Low
Kindly note: window curtain is damaged on my floor.,Low
Please report: door hinge needs slight oiling.,Low
Kindly note: need a new curtain hook near my room.,Low
Door hinge needs slight oiling on my floor.,Low
Complaint: need a new door mat in the hostel block.,Low
Complaint: need a new door mat.,Low
Small crack has appeared on the windowsill near my room.,Low
Complaint: need a spare window latch on my floor.,Low
Complaint: room number plate has fallen off in the hostel block.,Low
Kindly note: drainage water is stagnant and smelling badly near the room in the hostel block.,High
Kindly note: common washroom is severely unhygienic and unusable in my room.,High
Kindly note: mold is spreading rapidly on the bathroom ceiling near my room.,High
Kindly note: overflowing garbage bin is attracting insects and pests near my room.,High
Kindly note: rotten food waste has been left uncollected for days.,High
Reporting an issue: overflowing garbage bin is attracting insects and pests in the hostel block.,High
Complaint: sewage smell is spreading through the hostel floor in my room.,High
Drainage water is stagnant and smelling badly near the room near my room.,High
Kindly note: large amount of garbage is blocking the hostel entrance in my room.,High
Complaint: large amount of garbage is blocking the hostel entrance near my room.,High
Reporting an issue: common washroom is severely unhygienic and unusable near my room.,High
Reporting an issue: rotten food waste has been left uncollected for days in the hostel block.,High
Kindly note: sewage smell is spreading through the hostel floor in the hostel block.,High
Wastewater is accumulated in the corridor in my room.,High
Reporting an issue: large amount of garbage is blocking the hostel entrance.,High
Kindly note: rotten food waste has been left uncollected for days near my room.,High
Sewage smell is spreading through the hostel floor on my floor.,High
Complaint: overflowing garbage bin is attracting insects and pests on my floor.,High
Reporting an issue: common washroom is severely unhygienic and unusable in the hostel block.,High
Mold is spreading rapidly on the bathroom ceiling near my room.,High
Complaint: drainage water is stagnant and smelling badly near the room.,High
Kindly note: large amount of garbage is blocking the hostel entrance on my floor.,High
Please report: common washroom is severely unhygienic and unusable in the hostel block.,High
Complaint: mold is spreading rapidly on the bathroom ceiling.,High
Kindly note: common washroom is severely unhygienic and unusable.,High
Sewage smell is spreading through the hostel floor.,High
Please report: wastewater is accumulated in the corridor in my room.,High
Reporting an issue: large amount of garbage is blocking the hostel entrance in my room.,High
Complaint: rotten food waste has been left uncollected for days in my room.,High
Please report: large amount of garbage is blocking the hostel entrance near my room.,High
Reporting an issue: sewage smell is spreading through the hostel floor in my room.,High
Complaint: rotten food waste has been left uncollected for days.,High
Kindly note: overflowing garbage bin is attracting insects and pests.,High
Reporting an issue: wastewater is accumulated in the corridor in my room.,High
Please report: mold is spreading rapidly on the bathroom ceiling near my room.,High
Complaint: drainage water is stagnant and smelling badly near the room in the hostel block.,High
Reporting an issue: rotten food waste has been left uncollected for days near my room.,High
Kindly note: wastewater is accumulated in the corridor on my floor.,High
Kindly note: large amount of garbage is blocking the hostel entrance in the hostel block.,High
Please report: wastewater is accumulated in the corridor on my floor.,High
Kindly note: overflowing garbage bin is attracting insects and pests.,High
Please report: mold is spreading rapidly on the bathroom ceiling in the hostel block.,High
Reporting an issue: rotten food waste has been left uncollected for days in my room.,High
Complaint: rotten food waste has been left uncollected for days in my room.,High
Reporting an issue: large amount of garbage is blocking the hostel entrance in my room.,High
Please report: drainage water is stagnant and smelling badly near the room in my room.,High
Reporting an issue: common washroom is severely unhygienic and unusable.,High
Complaint: sewage smell is spreading through the hostel floor in my room.,High
Reporting an issue: bathroom tiles have visible stains in the hostel block.,Medium
Complaint: bathroom tiles have visible stains near my room.,Medium
Please report: study table has not been dusted in a while.,Medium
Please report: room cleaning has not been done on my floor.,Medium
Please report: common area floor is sticky and unclean in the hostel block.,Medium
Complaint: corridor needs immediate cleaning in the hostel block.,Medium
Reporting an issue: washroom floor is very dirty.,Medium
Reporting an issue: windows are covered in dust and grime.,Medium
Complaint: dustbin has not been emptied in days.,Medium
Common area floor is sticky and unclean near my room.,Medium
Windows are covered in dust and grime near my room.,Medium
Please report: dustbin has not been emptied in days in the hostel block.,Medium
Please report: bathroom tiles have visible stains in the hostel block.,Medium
Please report: dustbin has not been emptied in days.,Medium
Reporting an issue: windows are covered in dust and grime on my floor.,Medium
Kindly note: corridor needs immediate cleaning on my floor.,Medium
Reporting an issue: common area floor is sticky and unclean.,Medium
Bathroom tiles have visible stains on my floor.,Medium
Please report: corridor needs immediate cleaning in my room.,Medium
Complaint: dustbin has not been emptied in days near my room.,Medium
Complaint: common area floor is sticky and unclean near my room.,Medium
Washroom floor is very dirty near my room.,Medium
Kindly note: common area floor is sticky and unclean near my room.,Medium
Reporting an issue: windows are covered in dust and grime.,Medium
Kindly note: study table has not been dusted in a while.,Medium
Please report: bathroom tiles have visible stains near my room.,Medium
Kindly note: study table has not been dusted in a while on my floor.,Medium
Reporting an issue: windows are covered in dust and grime in the hostel block.,Medium
Kindly note: study table has not been dusted in a while.,Medium
Complaint: washroom floor is very dirty.,Medium
Complaint: corridor needs immediate cleaning near my room.,Medium
Please report: bathroom tiles have visible stains in my room.,Medium
Kindly note: corridor needs immediate cleaning.,Medium
Common area floor is sticky and unclean on my floor.,Medium
Complaint: room cleaning has not been done on my floor.,Medium
Bathroom tiles have visible stains.,Medium
Complaint: dustbin has not been emptied in days.,Medium
Reporting an issue: dustbin has not been emptied in days near my room.,Medium
Kindly note: room cleaning has not been done.,Medium
Complaint: corridor needs immediate cleaning.,Medium
Bathroom tiles have visible stains.,Medium
Kindly note: windows are covered in dust and grime on my floor.,Medium
Please report: bathroom tiles have visible stains in my room.,Medium
Reporting an issue: room cleaning has not been done in my room.,Medium
Please report: windows are covered in dust and grime in my room.,Medium
Please report: study table has not been dusted in a while.,Medium
Corridor needs immediate cleaning in the hostel block.,Medium
Complaint: windows are covered in dust and grime on my floor.,Medium
Kindly note: dustbin has not been emptied in days.,Medium
Common area floor is sticky and unclean on my floor.,Medium
Complaint: dustbin has not been emptied in days on my floor.,Medium
Complaint: dustbin has not been emptied in days near my room.,Medium
Complaint: dustbin has not been emptied in days in the hostel block.,Medium
Kindly note: room cleaning has not been done on my floor.,Medium
Reporting an issue: bathroom tiles have visible stains near my room.,Medium
Complaint: corridor needs immediate cleaning.,Medium
Washroom floor is very dirty on my floor.,Medium
Room cleaning has not been done near my room.,Medium
Reporting an issue: common area floor is sticky and unclean near my room.,Medium
Bathroom tiles have visible stains in the hostel block.,Medium
Kindly note: please clean the hostel window.,Low
Reporting an issue: need regular room cleaning in my room.,Low
Complaint: need extra cleaning supplies for the room in the hostel block.,Low
Complaint: corridor floor could use a quick sweep in my room.,Low
Need a fresh doormat near my room.,Low
Reporting an issue: need a new mop for the bathroom in the hostel block.,Low
Please report: corridor floor could use a quick sweep.,Low
Please clean the hostel window in my room.,Low
Reporting an issue: need extra cleaning supplies for the room in the hostel block.,Low
Kindly note: please clean the hostel window in my room.,Low
Need regular room cleaning on my floor.,Low
Reporting an issue: corridor floor could use a quick sweep.,Low
Complaint: need regular room cleaning near my room.,Low
Need extra cleaning supplies for the room near my room.,Low
Kindly note: please clean the hostel window in my room.,Low
Reporting an issue: need regular room cleaning.,Low
Need a new waste bin.,Low
Complaint: need a new waste bin on my floor.,Low
Please report: please clean the hostel window.,Low
Please report: room could use a light dusting on my floor.,Low
Kindly note: room could use a light dusting on my floor.,Low
Need extra cleaning supplies for the room in the hostel block.,Low
Please report: please clean the hostel window in the hostel block.,Low
Room could use a light dusting near my room.,Low
Kindly note: corridor floor could use a quick sweep.,Low
Need a new mop for the bathroom on my floor.,Low
Reporting an issue: corridor floor could use a quick sweep on my floor.,Low
Complaint: need a fresh doormat on my floor.,Low
Please report: need a new mop for the bathroom in the hostel block.,Low
Please clean the hostel window near my room.,Low
Reporting an issue: need a fresh doormat on my floor.,Low
Need extra cleaning supplies for the room near my room.,Low
Please report: need regular room cleaning in the hostel block.,Low
Complaint: room could use a light dusting.,Low
Corridor floor could use a quick sweep.,Low
Kindly note: room could use a light dusting near my room.,Low
Reporting an issue: need regular room cleaning in my room.,Low
Reporting an issue: need regular room cleaning in the hostel block.,Low
Please report: room could use a light dusting in my room.,Low
Kindly note: corridor floor could use a quick sweep near my room.,Low
Complaint: need extra cleaning supplies for the room on my floor.,Low
Please report: need regular room cleaning in my room.,Low
Please report: need regular room cleaning.,Low
Complaint: need a new mop for the bathroom on my floor.,Low
Reporting an issue: need regular room cleaning on my floor.,Low
Kindly note: need a new mop for the bathroom near my room.,Low
Need regular room cleaning in my room.,Low
Please report: need a new waste bin on my floor.,Low
Please report: need regular room cleaning on my floor.,Low
Kindly note: need a new waste bin on my floor.,Low
Complaint: need a new waste bin near my room.,Low
Need a fresh doormat near my room.,Low
Please clean the hostel window.,Low
Please report: need a fresh doormat in my room.,Low
Need extra cleaning supplies for the room in the hostel block.,Low
Corridor floor could use a quick sweep.,Low
Complaint: need a fresh doormat in my room.,Low
Need extra cleaning supplies for the room.,Low
Please report: need a new waste bin in the hostel block.,Low
Complaint: room could use a light dusting.,Low
Please report: unknown person was seen loitering near the hostel entrance on my floor.,High
Kindly note: emergency exit is blocked on my floor.,High
Emergency exit is blocked in the hostel block.,High
Kindly note: gas leakage smell is coming from the hostel kitchen near my room.,High
Smoke detector in the corridor is beeping continuously.,High
Please report: unknown person was seen loitering near the hostel entrance near my room.,High
Reporting an issue: gas leakage smell is coming from the hostel kitchen.,High
Complaint: security gate has been left unlocked overnight in the hostel block.,High
Reporting an issue: security gate has been left unlocked overnight in the hostel block.,High
Kindly note: unknown person was seen loitering near the hostel entrance in my room.,High
Reporting an issue: security gate has been left unlocked overnight in my room.,High
Fire extinguisher in the corridor is missing near my room.,High
Reporting an issue: security gate has been left unlocked overnight in my room.,High
Please report: smoke is coming from an electrical appliance in my room.,High
Please report: fire alarm is not working during an emergency test in the hostel block.,High
Please report: security gate has been left unlocked overnight in my room.,High
Kindly note: security gate has been left unlocked overnight in the hostel block.,High
Reporting an issue: security gate has been left unlocked overnight in the hostel block.,High
Complaint: gas leakage smell is coming from the hostel kitchen in the hostel block.,High
Complaint: emergency exit is blocked.,High
Please report: fire alarm is not working during an emergency test in the hostel block.,High
Reporting an issue: fire alarm is not working during an emergency test near my room.,High
Reporting an issue: security gate has been left unlocked overnight in my room.,High
Please report: security gate has been left unlocked overnight on my floor.,High
Please report: fire alarm is not working during an emergency test in the hostel block.,High
Reporting an issue: smoke is coming from an electrical appliance on my floor.,High
Complaint: security gate has been left unlocked overnight in the hostel block.,High
Kindly note: security gate has been left unlocked overnight on my floor.,High
Complaint: emergency exit is blocked near my room.,High
Reporting an issue: emergency exit is blocked in the hostel block.,High
Reporting an issue: gas leakage smell is coming from the hostel kitchen in my room.,High
Kindly note: fire extinguisher in the corridor is missing in my room.,High
Reporting an issue: fire alarm is not working during an emergency test near my room.,High
Please report: fire alarm is not working during an emergency test in the hostel block.,High
Reporting an issue: gas leakage smell is coming from the hostel kitchen.,High
Kindly note: emergency exit is blocked.,High
Kindly note: security gate has been left unlocked overnight in my room.,High
Complaint: security gate has been left unlocked overnight.,High
Please report: gas leakage smell is coming from the hostel kitchen.,High
Fire extinguisher in the corridor is missing.,High
Complaint: unknown person was seen loitering near the hostel entrance near my room.,High
Complaint: unknown person was seen loitering near the hostel entrance near my room.,High
Unknown person was seen loitering near the hostel entrance near my room.,High
Please report: gas leakage smell is coming from the hostel kitchen near my room.,High
Kindly note: fire alarm is not working during an emergency test.,High
Fire extinguisher in the corridor is missing.,High
Complaint: emergency exit is blocked in my room.,High
Kindly note: smoke is coming from an electrical appliance in the hostel block.,High
Smoke detector in the corridor is beeping continuously near my room.,High
Please report: unknown person was seen loitering near the hostel entrance.,High
Please report: security gate has been left unlocked overnight in my room.,High
Kindly note: fire extinguisher in the corridor is missing on my floor.,High
Smoke is coming from an electrical appliance near my room.,High
Please report: smoke detector in the corridor is beeping continuously.,High
Complaint: fire alarm is not working during an emergency test.,High
Please report: smoke detector in the corridor is beeping continuously.,High
Please report: gas leakage smell is coming from the hostel kitchen on my floor.,High
Smoke detector in the corridor is beeping continuously on my floor.,High
Complaint: smoke detector in the corridor is beeping continuously on my floor.,High
Please report: unknown person was seen loitering near the hostel entrance on my floor.,High
Please report: corridor emergency exit sign is not lit near my room.,Medium
Complaint: fire extinguisher tag has expired near my room.,Medium
Kindly note: cCTV camera is not working in the hostel block.,Medium
Emergency light is not working.,Medium
Reporting an issue: security guard was not present at the night shift in my room.,Medium
Complaint: security gate lock is damaged in the hostel block.,Medium
Reporting an issue: main gate latch is loose in my room.,Medium
Fire extinguisher tag has expired near my room.,Medium
Emergency light is not working near my room.,Medium
Please report: emergency light is not working in my room.,Medium
Complaint: security gate lock is damaged.,Medium
Please report: cCTV camera is not working in the hostel block.,Medium
Corridor emergency exit sign is not lit.,Medium
Reporting an issue: security guard was not present at the night shift on my floor.,Medium
Main gate latch is loose in the hostel block.,Medium
Security guard was not present at the night shift near my room.,Medium
Reporting an issue: emergency light is not working in the hostel block.,Medium
Staircase light is not working in the hostel block.,Medium
Reporting an issue: fire extinguisher tag has expired on my floor.,Medium
Complaint: fire extinguisher tag has expired near my room.,Medium
Main gate latch is loose in my room.,Medium
Please report: security guard was not present at the night shift in the hostel block.,Medium
Security guard was not present at the night shift near my room.,Medium
CCTV camera is not working near my room.,Medium
Corridor emergency exit sign is not lit on my floor.,Medium
Kindly note: fire extinguisher tag has expired near my room.,Medium
Please report: cCTV camera is not working on my floor.,Medium
Kindly note: corridor emergency exit sign is not lit near my room.,Medium
Please report: staircase light is not working near my room.,Medium
Complaint: security guard was not present at the night shift in the hostel block.,Medium
Reporting an issue: security gate lock is damaged in my room.,Medium
Reporting an issue: fire extinguisher tag has expired near my room.,Medium
Please report: security gate lock is damaged in my room.,Medium
Please report: security gate lock is damaged.,Medium
Kindly note: security gate lock is damaged in my room.,Medium
Complaint: corridor emergency exit sign is not lit in the hostel block.,Medium
Staircase light is not working in my room.,Medium
Reporting an issue: main gate latch is loose near my room.,Medium
Reporting an issue: main gate latch is loose in the hostel block.,Medium
Please report: corridor emergency exit sign is not lit on my floor.,Medium
Fire extinguisher tag has expired near my room.,Medium
Reporting an issue: emergency light is not working in my room.,Medium
Please report: cCTV camera is not working on my floor.,Medium
Security gate lock is damaged near my room.,Medium
Reporting an issue: emergency light is not working.,Medium
Reporting an issue: fire extinguisher tag has expired on my floor.,Medium
Complaint: security guard was not present at the night shift on my floor.,Medium
Please report: fire extinguisher tag has expired near my room.,Medium
Reporting an issue: security guard was not present at the night shift.,Medium
Reporting an issue: corridor emergency exit sign is not lit in the hostel block.,Medium
Kindly note: fire extinguisher tag has expired.,Medium
Kindly note: staircase light is not working on my floor.,Medium
Kindly note: fire extinguisher tag has expired on my floor.,Medium
Reporting an issue: emergency light is not working in my room.,Medium
Kindly note: security guard was not present at the night shift in my room.,Medium
Kindly note: main gate latch is loose on my floor.,Medium
Complaint: security guard was not present at the night shift.,Medium
Kindly note: cCTV camera is not working in my room.,Medium
Kindly note: main gate latch is loose in the hostel block.,Medium
Reporting an issue: emergency light is not working in my room.,Medium
Complaint: safety instructions are not visible in the corridor in my room.,Low
Reporting an issue: emergency contact list needs to be updated on the noticeboard in my room.,Low
Emergency contact list needs to be updated on the noticeboard in my room.,Low
Kindly note: please replace a faded emergency sign near my room.,Low
Kindly note: need a clearer fire evacuation map on the wall in the hostel block.,Low
Handrail on the stairs feels slightly loose near my room.,Low
Reporting an issue: corridor signage is a bit faded in the hostel block.,Low
Complaint: safety instructions are not visible in the corridor in my room.,Low
Complaint: safety instructions are not visible in the corridor in the hostel block.,Low
Handrail on the stairs feels slightly loose in my room.,Low
Kindly note: please replace a faded emergency sign near my room.,Low
Please report: handrail on the stairs feels slightly loose on my floor.,Low
Corridor signage is a bit faded near my room.,Low
Please report: emergency contact list needs to be updated on the noticeboard on my floor.,Low
Complaint: safety instructions are not visible in the corridor on my floor.,Low
Please report: corridor signage is a bit faded in the hostel block.,Low
Handrail on the stairs feels slightly loose in my room.,Low
Complaint: handrail on the stairs feels slightly loose near my room.,Low
Complaint: handrail on the stairs feels slightly loose.,Low
Please report: need a nightlight near the staircase on my floor.,Low
Reporting an issue: need a clearer fire evacuation map on the wall in my room.,Low
Emergency contact list needs to be updated on the noticeboard in my room.,Low
Kindly note: emergency contact list needs to be updated on the noticeboard on my floor.,Low
Complaint: safety instructions are not visible in the corridor in the hostel block.,Low
Please report: need a clearer fire evacuation map on the wall.,Low
Kindly note: need a clearer fire evacuation map on the wall near my room.,Low
Reporting an issue: need a nightlight near the staircase on my floor.,Low
Please report: emergency contact list needs to be updated on the noticeboard on my floor.,Low
Please report: need a clearer fire evacuation map on the wall in my room.,Low
Please report: safety instructions are not visible in the corridor in my room.,Low
Please replace a faded emergency sign in the hostel block.,Low
Please replace a faded emergency sign on my floor.,Low
Kindly note: handrail on the stairs feels slightly loose in the hostel block.,Low
Reporting an issue: safety instructions are not visible in the corridor.,Low
Emergency contact list needs to be updated on the noticeboard.,Low
Complaint: handrail on the stairs feels slightly loose near my room.,Low
Kindly note: need a nightlight near the staircase near my room.,Low
Please replace a faded emergency sign on my floor.,Low
Emergency contact list needs to be updated on the noticeboard in the hostel block.,Low
Reporting an issue: need a nightlight near the staircase in my room.,Low
Corridor signage is a bit faded in the hostel block.,Low
Kindly note: safety instructions are not visible in the corridor.,Low
Please report: handrail on the stairs feels slightly loose in the hostel block.,Low
Kindly note: corridor signage is a bit faded in the hostel block.,Low
Complaint: need a clearer fire evacuation map on the wall on my floor.,Low
Reporting an issue: safety instructions are not visible in the corridor near my room.,Low
Complaint: emergency contact list needs to be updated on the noticeboard on my floor.,Low
Safety instructions are not visible in the corridor.,Low
Complaint: loft bed support beam is cracked in my room.,High
Loft bed support beam is cracked.,High
Please report: table has a sharp broken edge that could cause injury near my room.,High
Complaint: broken furniture is creating a safety hazard.,High
Wardrobe has collapsed and is blocking the room on my floor.,High
Kindly note: table has a sharp broken edge that could cause injury near my room.,High
Bed frame is broken and unsafe to sleep on.,High
Please report: table has a sharp broken edge that could cause injury on my floor.,High
Reporting an issue: study chair leg snapped while sitting on my floor.,High
Kindly note: broken furniture is creating a safety hazard in my room.,High
Complaint: study chair leg snapped while sitting near my room.,High
Complaint: study chair leg snapped while sitting near my room.,High
Please report: bed frame is broken and unsafe to sleep on.,High
Complaint: bed frame is broken and unsafe to sleep on in the hostel block.,High
Complaint: loft bed support beam is cracked in my room.,High
Kindly note: study chair leg snapped while sitting in the hostel block.,High
Please report: table has a sharp broken edge that could cause injury near my room.,High
Complaint: bed frame is broken and unsafe to sleep on near my room.,High
Kindly note: bed frame is broken and unsafe to sleep on on my floor.,High
Reporting an issue: table has a sharp broken edge that could cause injury in the hostel block.,High
Kindly note: wardrobe has collapsed and is blocking the room in the hostel block.,High
Reporting an issue: table has a sharp broken edge that could cause injury.,High
Please report: table has a sharp broken edge that could cause injury near my room.,High
Complaint: table has a sharp broken edge that could cause injury in my room.,High
Loft bed support beam is cracked.,High
Complaint: loft bed support beam is cracked near my room.,High
Complaint: bed frame is broken and unsafe to sleep on on my floor.,High
Kindly note: broken furniture is creating a safety hazard.,High
Reporting an issue: wardrobe has collapsed and is blocking the room near my room.,High
Wardrobe has collapsed and is blocking the room near my room.,High
Complaint: loft bed support beam is cracked.,High
Kindly note: study chair leg snapped while sitting.,High
Table has a sharp broken edge that could cause injury.,High
Study chair leg snapped while sitting in the hostel block.,High
Bed frame is broken and unsafe to sleep on in the hostel block.,High
Kindly note: table has a sharp broken edge that could cause injury in the hostel block.,High
Complaint: mattress is badly damaged on my floor.,Medium
Please report: chair leg is broken near my room.,Medium
Reporting an issue: bed frame is wobbly in the hostel block.,Medium
Kindly note: chair backrest is loose near my room.,Medium
Please report: chair leg is broken.,Medium
Kindly note: study table drawer is stuck in the hostel block.,Medium
Study table drawer is stuck.,Medium
Please report: wardrobe shelf has collapsed near my room.,Medium
Reporting an issue: study table drawer is stuck in my room.,Medium
Complaint: chair leg is broken in my room.,Medium
Kindly note: mattress is badly damaged.,Medium
Reporting an issue: chair leg is broken.,Medium
Reporting an issue: wardrobe shelf has collapsed in the hostel block.,Medium
Wardrobe shelf has collapsed in the hostel block.,Medium
Complaint: bed frame is wobbly in the hostel block.,Medium
Please report: bed frame is wobbly in the hostel block.,Medium
Please report: chair backrest is loose.,Medium
Reporting an issue: chair backrest is loose in the hostel block.,Medium
Complaint: bed frame is wobbly near my room.,Medium
Please report: chair backrest is loose on my floor.,Medium
Kindly note: study table drawer is stuck near my room.,Medium
Complaint: mattress is badly damaged in the hostel block.,Medium
Reporting an issue: study table drawer is stuck on my floor.,Medium
Please report: chair backrest is loose in my room.,Medium
Kindly note: bed frame is wobbly on my floor.,Medium
Please report: chair backrest is loose in the hostel block.,Medium
Kindly note: chair backrest is loose.,Medium
Complaint: bed frame is wobbly in the hostel block.,Medium
Complaint: chair backrest is loose in the hostel block.,Medium
Wardrobe shelf has collapsed in the hostel block.,Medium
Complaint: chair leg is broken in my room.,Medium
Chair backrest is loose in my room.,Medium
Kindly note: mattress is badly damaged on my floor.,Medium
Kindly note: chair leg is broken in my room.,Medium
Kindly note: chair leg is broken near my room.,Medium
Reporting an issue: bed frame is wobbly in my room.,Medium
Please report: wardrobe shelf has collapsed in the hostel block.,Medium
Chair backrest is loose near my room.,Medium
Kindly note: wardrobe shelf has collapsed in the hostel block.,Medium
Kindly note: chair leg is broken in my room.,Medium
Please report: wardrobe shelf has collapsed on my floor.,Medium
Reporting an issue: bed frame is wobbly in my room.,Medium
Complaint: study table drawer is stuck in my room.,Medium
Please report: mattress is badly damaged in the hostel block.,Medium
Wardrobe shelf has collapsed near my room.,Medium
Kindly note: bed frame is wobbly in my room.,Medium
Kindly note: bed frame is wobbly.,Medium
Please report: wardrobe shelf has collapsed.,Medium
Reporting an issue: study table drawer is stuck.,Medium
Kindly note: chair backrest is loose near my room.,Medium
Kindly note: bed frame is wobbly.,Medium
Please report: bed frame is wobbly in my room.,Medium
Reporting an issue: chair leg is broken in my room.,Medium
Reporting an issue: bed frame is wobbly near my room.,Medium
Please report: study table drawer is stuck in my room.,Medium
Kindly note: study table drawer is stuck on my floor.,Medium
Reporting an issue: bed frame is wobbly near my room.,Medium
Chair backrest is loose.,Medium
Please report: wardrobe shelf has collapsed in the hostel block.,Medium
Mattress is badly damaged on my floor.,Medium
Study lamp stand is slightly wobbly near my room.,Low
Kindly note: wardrobe mirror has a small scratch.,Low
Kindly note: study lamp stand is slightly wobbly in the hostel block.,Low
Complaint: need an extra clothes hanger.,Low
Please report: need an extra pillow on my floor.,Low
Chair cushion is damaged in my room.,Low
Wardrobe mirror has a small scratch.,Low
Please report: need an extra pillow near my room.,Low
Reporting an issue: need an extra study table near my room.,Low
Please report: need an extra pillow.,Low
Kindly note: need an extra pillow.,Low
Chair cushion is damaged in my room.,Low
Wardrobe mirror has a small scratch in the hostel block.,Low
Complaint: need a replacement shelf near my room.,Low
Complaint: need an extra pillow near my room.,Low
Complaint: chair cushion is damaged.,Low
Reporting an issue: chair cushion is damaged.,Low
Chair cushion is damaged on my floor.,Low
Kindly note: chair cushion is damaged on my floor.,Low
Kindly note: chair cushion is damaged near my room.,Low
Need an extra clothes hanger near my room.,Low
Please report: wardrobe mirror has a small scratch in my room.,Low
Reporting an issue: study lamp stand is slightly wobbly on my floor.,Low
Kindly note: need a replacement shelf.,Low
Reporting an issue: study lamp stand is slightly wobbly in my room.,Low
Chair cushion is damaged in the hostel block.,Low
Reporting an issue: need an extra clothes hanger in the hostel block.,Low
Please report: need a replacement shelf on my floor.,Low
Reporting an issue: need an extra clothes hanger in my room.,Low
Please report: need an extra study table in the hostel block.,Low
Need an extra study table in my room.,Low
Study lamp stand is slightly wobbly in the hostel block.,Low
Reporting an issue: need an extra pillow.,Low
Need an extra pillow on my floor.,Low
Reporting an issue: need an extra study table near my room.,Low
Please report: need a replacement shelf in my room.,Low
Reporting an issue: need a replacement shelf.,Low
Complaint: need a replacement shelf near my room.,Low
Kindly note: wardrobe mirror has a small scratch in the hostel block.,Low
Reporting an issue: wardrobe mirror has a small scratch on my floor.,Low
Please report: need an extra clothes hanger.,Low
Please report: need an extra study table near my room.,Low
Kindly note: study lamp stand is slightly wobbly in my room.,Low
Complaint: need an extra clothes hanger near my room.,Low
Kindly note: study lamp stand is slightly wobbly near my room.,Low
Please report: chair cushion is damaged in the hostel block.,Low
Kindly note: study lamp stand is slightly wobbly in my room.,Low
Kindly note: need an extra study table.,Low
Reporting an issue: chair cushion is damaged.,Low
Complaint: wardrobe mirror has a small scratch in the hostel block.,Low
Reporting an issue: chair cushion is damaged on my floor.,Low
Complaint: wardrobe mirror has a small scratch in my room.,Low
Please report: need an extra clothes hanger in the hostel block.,Low
Complaint: need an extra study table in the hostel block.,Low
Complaint: chair cushion is damaged on my floor.,Low
Please report: chair cushion is damaged in the hostel block.,Low
Reporting an issue: study lamp stand is slightly wobbly in my room.,Low
Please report: need an extra study table in the hostel block.,Low
Please report: need an extra pillow near my room.,Low
Please report: chair cushion is damaged near my room.,Low
Kindly note: urgent assistance is needed in the hostel block on my floor.,High
Please report: urgent assistance is needed in the hostel block in the hostel block.,High
Complaint: medical emergency assistance is needed urgently near my room.,High
Kindly note: urgent assistance is needed in the hostel block.,High
Kindly note: students are locked out during a power outage on my floor.,High
Reporting an issue: warden is unreachable during an urgent situation in my room.,High
Complaint: students are locked out during a power outage on my floor.,High
Students are locked out during a power outage in the hostel block.,High
Please report: medical emergency assistance is needed urgently in the hostel block.,High
Kindly note: lost student is unable to access the hostel room near my room.,High
Warden is unreachable during an urgent situation in the hostel block.,High
Please report: medical emergency assistance is needed urgently in my room.,High
Kindly note: warden is unreachable during an urgent situation in my room.,High
Please report: hostel entrance is locked and students cannot enter on my floor.,High
Students are locked out during a power outage in my room.,High
Lost student is unable to access the hostel room near my room.,High
Please report: medical emergency assistance is needed urgently in the hostel block.,High
Complaint: students are locked out during a power outage.,High
Please report: urgent assistance is needed in the hostel block in the hostel block.,High
Please report: hostel entrance is locked and students cannot enter in the hostel block.,High
Please report: warden is unreachable during an urgent situation.,High
Please report: lost student is unable to access the hostel room in the hostel block.,High
Reporting an issue: warden is unreachable during an urgent situation.,High
Please report: urgent assistance is needed in the hostel block near my room.,High
Complaint: medical emergency assistance is needed urgently in my room.,High
Reporting an issue: medical emergency assistance is needed urgently in my room.,High
Reporting an issue: hostel entrance is locked and students cannot enter in the hostel block.,High
Kindly note: hostel entrance is locked and students cannot enter near my room.,High
Warden is unreachable during an urgent situation in my room.,High
Please report: medical emergency assistance is needed urgently.,High
Reporting an issue: hostel entrance is locked and students cannot enter in the hostel block.,High
Reporting an issue: hostel entrance is locked and students cannot enter.,High
Reporting an issue: medical emergency assistance is needed urgently in the hostel block.,High
Reporting an issue: warden is unreachable during an urgent situation.,High
Please report: medical emergency assistance is needed urgently in the hostel block.,High
Complaint: urgent assistance is needed in the hostel block in the hostel block.,High
Need help transferring to a different room in the hostel block.,Medium
Complaint: room key is missing near my room.,Medium
Reporting an issue: need clarification on hostel visiting hours.,Medium
Kindly note: room key is missing near my room.,Medium
Kindly note: need assistance with hostel room allocation in the hostel block.,Medium
Kindly note: hostel ID card needs to be reissued in my room.,Medium
Roommate dispute needs warden attention in the hostel block.,Medium
Reporting an issue: need assistance with hostel room allocation.,Medium
Please report: roommate dispute needs warden attention on my floor.,Medium
Need help transferring to a different room in my room.,Medium
Reporting an issue: roommate dispute needs warden attention on my floor.,Medium
Complaint: need clarification on hostel visiting hours in the hostel block.,Medium
Kindly note: need clarification on hostel visiting hours near my room.,Medium
Reporting an issue: hostel ID card needs to be reissued in the hostel block.,Medium
Kindly note: room key is missing in the hostel block.,Medium
Kindly note: hostel ID card needs to be reissued on my floor.,Medium
Complaint: need help transferring to a different room in my room.,Medium
Please report: roommate dispute needs warden attention near my room.,Medium
Please report: need assistance with hostel room allocation in the hostel block.,Medium
Reporting an issue: need help transferring to a different room in the hostel block.,Medium
Complaint: room key is missing.,Medium
Complaint: room key is missing in the hostel block.,Medium
Need assistance with hostel room allocation on my floor.,Medium
Need help transferring to a different room in the hostel block.,Medium
Complaint: roommate dispute needs warden attention near my room.,Medium
Reporting an issue: roommate dispute needs warden attention on my floor.,Medium
Please report: need assistance with hostel room allocation near my room.,Medium
Please report: need assistance with hostel room allocation in the hostel block.,Medium
Room key is missing in the hostel block.,Medium
Please report: need clarification on hostel visiting hours in the hostel block.,Medium
Roommate dispute needs warden attention on my floor.,Medium
Roommate dispute needs warden attention in my room.,Medium
Complaint: need help transferring to a different room on my floor.,Medium
Reporting an issue: hostel ID card needs to be reissued in my room.,Medium
Need assistance with hostel room allocation.,Medium
Reporting an issue: need help transferring to a different room in the hostel block.,Medium
Kindly note: need help transferring to a different room in my room.,Medium
Complaint: room key is missing near my room.,Medium
Kindly note: need assistance with hostel room allocation in my room.,Medium
Need clarification on hostel visiting hours in the hostel block.,Medium
Kindly note: need clarification on hostel visiting hours on my floor.,Medium
Kindly note: need clarification on hostel visiting hours in the hostel block.,Medium
Complaint: need help transferring to a different room near my room.,Medium
Please report: hostel ID card needs to be reissued on my floor.,Medium
Complaint: roommate dispute needs warden attention in the hostel block.,Medium
Hostel ID card needs to be reissued on my floor.,Medium
Please report: hostel ID card needs to be reissued in my room.,Medium
Kindly note: hostel ID card needs to be reissued in the hostel block.,Medium
Kindly note: need assistance with hostel room allocation in my room.,Medium
Complaint: need assistance with hostel room allocation on my floor.,Medium
Please report: need clarification on hostel visiting hours near my room.,Medium
Please report: need help transferring to a different room in the hostel block.,Medium
Please report: room key is missing near my room.,Medium
Please report: room key is missing on my floor.,Medium
Please report: room key is missing in my room.,Medium
Please report: need help transferring to a different room.,Medium
Complaint: need assistance with hostel room allocation in the hostel block.,Medium
Need clarification on hostel visiting hours near my room.,Medium
Kindly note: need clarification on hostel visiting hours near my room.,Medium
Complaint: need help transferring to a different room in my room.,Medium
Complaint: need information about hostel facilities in my room.,Low
Need an extra room key in the hostel block.,Low
Reporting an issue: need a new notice board update.,Low
Complaint: need information about hostel facilities in my room.,Low
Reporting an issue: please provide hostel rule information near my room.,Low
Would like a copy of the hostel handbook.,Low
Reporting an issue: need a new notice board update.,Low
Reporting an issue: need information about hostel facilities on my floor.,Low
Kindly note: need information about mess timings in my room.,Low
Reporting an issue: need a new notice board update on my floor.,Low
Complaint: need an extra room key near my room.,Low
Kindly note: need a new notice board update on my floor.,Low
Complaint: need information about hostel facilities in my room.,Low
Reporting an issue: need an extra room key in my room.,Low
Kindly note: would like a copy of the hostel handbook in my room.,Low
Complaint: need a new notice board update in my room.,Low
Please report: would like a copy of the hostel handbook near my room.,Low
Complaint: need an extra room key near my room.,Low
Reporting an issue: would like a copy of the hostel handbook in the hostel block.,Low
Kindly note: need a new notice board update on my floor.,Low
Need information about mess timings near my room.,Low
Please report: would like a copy of the hostel handbook.,Low
Complaint: need information about hostel facilities.,Low
Kindly note: would like a copy of the hostel handbook on my floor.,Low
Reporting an issue: need information about hostel facilities in the hostel block.,Low
Need information about hostel facilities near my room.,Low
Reporting an issue: need information about hostel facilities in my room.,Low
Reporting an issue: need information about mess timings in my room.,Low
Kindly note: need information about hostel facilities in the hostel block.,Low
Complaint: would like a copy of the hostel handbook.,Low
Kindly note: need information about mess timings near my room.,Low
Kindly note: need an extra room key near my room.,Low
Complaint: need information about mess timings.,Low
Kindly note: need an extra room key in my room.,Low
Kindly note: need information about hostel facilities on my floor.,Low
Complaint: would like a copy of the hostel handbook on my floor.,Low
Reporting an issue: need information about hostel facilities in the hostel block.,Low
Please report: need a new notice board update in my room.,Low
Please report: need an extra room key on my floor.,Low
Please report: need an extra room key near my room.,Low
Please provide hostel rule information near my room.,Low
Please provide hostel rule information near my room.,Low
Please provide hostel rule information on my floor.,Low
Need an extra room key near my room.,Low
Please report: need an extra room key on my floor.,Low
Please report: would like a copy of the hostel handbook in my room.,Low
Need an extra room key.,Low
Complaint: need information about hostel facilities near my room.,Low
Reporting an issue: need information about hostel facilities near my room.,Low
Reporting an issue: would like a copy of the hostel handbook in my room.,Low
Complaint: need information about mess timings in the hostel block.,Low
Reporting an issue: need information about mess timings on my floor.,Low
Reporting an issue: need a new notice board update in my room.,Low
Kindly note: need a new notice board update on my floor.,Low
Please report: need information about hostel facilities on my floor.,Low
Reporting an issue: please provide hostel rule information in my room.,Low
Complaint: need information about hostel facilities in the hostel block.,Low
Complaint: would like a copy of the hostel handbook near my room.,Low
Complaint: please provide hostel rule information on my floor.,Low
Need an extra room key in the hostel block.,Low
Complaint: network equipment is down and students cannot access the internet in the hostel block.,High
Please report: router in the block has stopped working entirely in my room.,High
Please report: router in the block has stopped working entirely on my floor.,High
Please report: router in the block has stopped working entirely in the hostel block.,High
Kindly note: hostel Wi-Fi has been unavailable for the entire day in the hostel block.,High
Please report: router in the block has stopped working entirely.,High
Kindly note: network equipment is down and students cannot access the internet.,High
Complaint: internet outage is affecting online exams for students on my floor.,High
Please report: router in the block has stopped working entirely on my floor.,High
Network equipment is down and students cannot access the internet in the hostel block.,High
Network equipment is down and students cannot access the internet on my floor.,High
Complaint: network equipment is down and students cannot access the internet.,High
Please report: internet is completely unavailable across the hostel.,High
Kindly note: network equipment is down and students cannot access the internet near my room.,High
Kindly note: router in the block has stopped working entirely near my room.,High
Hostel Wi-Fi has been unavailable for the entire day in my room.,High
Complaint: hostel Wi-Fi has been unavailable for the entire day.,High
Please report: router in the block has stopped working entirely in my room.,High
Router in the block has stopped working entirely.,High
Complaint: router in the block has stopped working entirely in my room.,High
Complaint: network equipment is down and students cannot access the internet.,High
Complaint: network equipment is down and students cannot access the internet near my room.,High
Please report: hostel Wi-Fi has been unavailable for the entire day.,High
Internet outage is affecting online exams for students on my floor.,High
Please report: hostel Wi-Fi has been unavailable for the entire day on my floor.,High
Network equipment is down and students cannot access the internet in my room.,High
Hostel Wi-Fi has been unavailable for the entire day in my room.,High
Internet outage is affecting online exams for students near my room.,High
Internet is completely unavailable across the hostel in the hostel block.,High
Please report: internet outage is affecting online exams for students on my floor.,High
Please report: network equipment is down and students cannot access the internet near my room.,High
Kindly note: internet outage is affecting online exams for students.,High
Please report: hostel Wi-Fi has been unavailable for the entire day in the hostel block.,High
Complaint: network equipment is down and students cannot access the internet in my room.,High
Kindly note: internet outage is affecting online exams for students near my room.,High
Complaint: internet is completely unavailable across the hostel on my floor.,High
Wi-Fi keeps disconnecting every few minutes near my room.,Medium
Kindly note: router light is blinking red constantly in the hostel block.,Medium
Reporting an issue: cannot connect to the hostel network in my room.,Medium
Kindly note: wi-Fi keeps disconnecting every few minutes near my room.,Medium
Reporting an issue: router light is blinking red constantly in my room.,Medium
Please report: router light is blinking red constantly near my room.,Medium
Reporting an issue: wi-Fi keeps disconnecting every few minutes on my floor.,Medium
Reporting an issue: wi-Fi is very slow in the room near my room.,Medium
Reporting an issue: wi-Fi is very slow in the room on my floor.,Medium
Kindly note: cannot connect to the hostel network.,Medium
Please report: internet speed drops significantly in the evening in the hostel block.,Medium
Please report: router light is blinking red constantly in the hostel block.,Medium
Complaint: wi-Fi keeps disconnecting every few minutes on my floor.,Medium
Reporting an issue: wi-Fi is very slow in the room.,Medium
Please report: cannot connect to the hostel network.,Medium
Complaint: wi-Fi is very slow in the room in my room.,Medium
Reporting an issue: wi-Fi is very slow in the room near my room.,Medium
Reporting an issue: router light is blinking red constantly in the hostel block.,Medium
Kindly note: wi-Fi is very slow in the room in my room.,Medium
Wi-Fi is very slow in the room in my room.,Medium
Complaint: wi-Fi is very slow in the room.,Medium
Complaint: router light is blinking red constantly on my floor.,Medium
Kindly note: router light is blinking red constantly in the hostel block.,Medium
Kindly note: wi-Fi is very slow in the room.,Medium
Router light is blinking red constantly.,Medium
Complaint: router light is blinking red constantly in my room.,Medium
Please report: router light is blinking red constantly in the hostel block.,Medium
Reporting an issue: router light is blinking red constantly near my room.,Medium
Kindly note: router light is blinking red constantly near my room.,Medium
Please report: wi-Fi is very slow in the room in my room.,Medium
Reporting an issue: internet speed drops significantly in the evening on my floor.,Medium
Reporting an issue: router light is blinking red constantly near my room.,Medium
Reporting an issue: wi-Fi keeps disconnecting every few minutes on my floor.,Medium
Complaint: internet speed drops significantly in the evening on my floor.,Medium
Reporting an issue: cannot connect to the hostel network in the hostel block.,Medium
Reporting an issue: internet speed drops significantly in the evening on my floor.,Medium
Complaint: internet speed drops significantly in the evening near my room.,Medium
Kindly note: wi-Fi is very slow in the room in the hostel block.,Medium
Please report: router light is blinking red constantly on my floor.,Medium
Please report: wi-Fi keeps disconnecting every few minutes in my room.,Medium
Kindly note: wi-Fi is very slow in the room in the hostel block.,Medium
Reporting an issue: router light is blinking red constantly in the hostel block.,Medium
Wi-Fi is very slow in the room near my room.,Medium
Please report: cannot connect to the hostel network on my floor.,Medium
Please report: router light is blinking red constantly in my room.,Medium
Wi-Fi keeps disconnecting every few minutes in the hostel block.,Medium
Please report: router light is blinking red constantly.,Medium
Please report: internet speed drops significantly in the evening near my room.,Medium
Reporting an issue: wi-Fi is very slow in the room on my floor.,Medium
Complaint: router light is blinking red constantly.,Medium
Kindly note: wi-Fi keeps disconnecting every few minutes near my room.,Medium
Please report: wi-Fi is very slow in the room in the hostel block.,Medium
Internet speed drops significantly in the evening on my floor.,Medium
Kindly note: wi-Fi is very slow in the room in the hostel block.,Medium
Kindly note: cannot connect to the hostel network in the hostel block.,Medium
Cannot connect to the hostel network near my room.,Medium
Reporting an issue: router light is blinking red constantly in the hostel block.,Medium
Complaint: cannot connect to the hostel network on my floor.,Medium
Please report: cannot connect to the hostel network on my floor.,Medium
Reporting an issue: internet speed drops significantly in the evening.,Medium
Kindly note: wi-Fi password needs to be reset.,Low
Complaint: internet occasionally lags during video calls in my room.,Low
Reporting an issue: wi-Fi password needs to be reset in my room.,Low
Reporting an issue: wi-Fi password needs to be reset in my room.,Low
Reporting an issue: internet occasionally lags during video calls in my room.,Low
Kindly note: wi-Fi signal is weak near my study table near my room.,Low
Internet occasionally lags during video calls.,Low
Kindly note: wi-Fi password needs to be reset on my floor.,Low
Kindly note: please add better Wi-Fi coverage to this room in the hostel block.,Low
Please report: please add better Wi-Fi coverage to this room on my floor.,Low
Reporting an issue: wi-Fi password needs to be reset in my room.,Low
Please report: wi-Fi signal is weak near my study table in my room.,Low
Internet is slightly slower than usual.,Low
Reporting an issue: internet is slightly slower than usual in my room.,Low
Kindly note: wi-Fi signal is weak near my study table.,Low
Complaint: wi-Fi password needs to be reset.,Low
Reporting an issue: internet is slightly slower than usual in my room.,Low
Reporting an issue: internet occasionally lags during video calls on my floor.,Low
Reporting an issue: wi-Fi password needs to be reset in my room.,Low
Reporting an issue: wi-Fi password needs to be reset in the hostel block.,Low
Please report: please add better Wi-Fi coverage to this room.,Low
Reporting an issue: internet is slightly slower than usual on my floor.,Low
Wi-Fi password needs to be reset.,Low
Kindly note: please add better Wi-Fi coverage to this room.,Low
Complaint: please add better Wi-Fi coverage to this room in my room.,Low
Internet occasionally lags during video calls on my floor.,Low
Reporting an issue: internet occasionally lags during video calls.,Low
Reporting an issue: internet is slightly slower than usual near my room.,Low
Wi-Fi signal is weak near my study table in my room.,Low
Kindly note: please add better Wi-Fi coverage to this room near my room.,Low
Internet is slightly slower than usual on my floor.,Low
Kindly note: please add better Wi-Fi coverage to this room in my room.,Low
Please add better Wi-Fi coverage to this room on my floor.,Low
Reporting an issue: wi-Fi signal is weak near my study table on my floor.,Low
Kindly note: internet is slightly slower than usual near my room.,Low
Complaint: wi-Fi signal is weak near my study table in the hostel block.,Low
Complaint: internet is slightly slower than usual in my room.,Low
Complaint: internet is slightly slower than usual on my floor.,Low
Complaint: please add better Wi-Fi coverage to this room in the hostel block.,Low
Please report: internet is slightly slower than usual in the hostel block.,Low
Please report: internet is slightly slower than usual on my floor.,Low
Complaint: internet is slightly slower than usual in my room.,Low
Kindly note: internet is slightly slower than usual.,Low
Internet occasionally lags during video calls in my room.,Low
Internet is slightly slower than usual on my floor.,Low
Kindly note: wi-Fi password needs to be reset near my room.,Low
Please report: internet is slightly slower than usual.,Low
Internet is slightly slower than usual in the hostel block.,Low
